Rate Code,Category,Item Description,Project Type,Work Type,Unit,Rate Min Ex GST,Recommended Rate Ex GST,Rate Max Ex GST,Adjustment Type,Rate Basis,Included Scope / Notes,Effective Date,Active
PB-CONCRETE-S-ANTI-GRAFFITI-CLEAR-CO-COM-NEW,Concrete Sealers & Floor Coatings,Anti-graffiti clear coating,Commercial,New,m²,48.0,48.0,48.0,Fixed,Base substrate/item rate,Compatible clear anti-graffiti system.,2026-07-17,Yes
PB-CONCRETE-S-ANTI-GRAFFITI-CLEAR-CO-COM-REP,Concrete Sealers & Floor Coatings,Anti-graffiti clear coating,Commercial,Repaint,m²,58.0,58.0,58.0,Fixed,Base substrate/item rate,Compatible clear anti-graffiti system.,2026-07-17,Yes
PB-CONCRETE-S-ANTI-GRAFFITI-CLEAR-CO-DOM-NEW,Concrete Sealers & Floor Coatings,Anti-graffiti clear coating,Domestic,New,m²,42.0,42.0,42.0,Fixed,Base substrate/item rate,Compatible clear anti-graffiti system.,2026-07-17,Yes
PB-CONCRETE-S-ANTI-GRAFFITI-CLEAR-CO-DOM-REP,Concrete Sealers & Floor Coatings,Anti-graffiti clear coating,Domestic,Repaint,m²,52.0,52.0,52.0,Fixed,Base substrate/item rate,Compatible clear anti-graffiti system.,2026-07-17,Yes
PB-CONCRETE-S-EPOXY-COVING-OR-SKIRTI-COM-NEW,Concrete Sealers & Floor Coatings,Epoxy coving or skirting,Commercial,New,lm,75.0,75.0,75.0,Fixed,Base substrate/item rate,Per lineal metre.,2026-07-17,Yes
PB-CONCRETE-S-EPOXY-COVING-OR-SKIRTI-COM-REP,Concrete Sealers & Floor Coatings,Epoxy coving or skirting,Commercial,Repaint,lm,95.0,95.0,95.0,Fixed,Base substrate/item rate,Per lineal metre.,2026-07-17,Yes
PB-CONCRETE-S-EPOXY-COVING-OR-SKIRTI-DOM-NEW,Concrete Sealers & Floor Coatings,Epoxy coving or skirting,Domestic,New,lm,65.0,65.0,65.0,Fixed,Base substrate/item rate,Per lineal metre.,2026-07-17,Yes
PB-CONCRETE-S-EPOXY-COVING-OR-SKIRTI-DOM-REP,Concrete Sealers & Floor Coatings,Epoxy coving or skirting,Domestic,Repaint,lm,85.0,85.0,85.0,Fixed,Base substrate/item rate,Per lineal metre.,2026-07-17,Yes
PB-CONCRETE-S-HEAVY-DUTY-BROADCAST-A-COM-NEW,Concrete Sealers & Floor Coatings,Heavy-duty broadcast aggregate epoxy,Commercial,New,m²,135.0,135.0,135.0,Fixed,Base substrate/item rate,Full broadcast system; final build/specification to be confirmed.,2026-07-17,Yes
PB-CONCRETE-S-HEAVY-DUTY-BROADCAST-A-COM-REP,Concrete Sealers & Floor Coatings,Heavy-duty broadcast aggregate epoxy,Commercial,Repaint,m²,165.0,165.0,165.0,Fixed,Base substrate/item rate,Full broadcast system; final build/specification to be confirmed.,2026-07-17,Yes
PB-CONCRETE-S-HEAVY-DUTY-BROADCAST-A-DOM-NEW,Concrete Sealers & Floor Coatings,Heavy-duty broadcast aggregate epoxy,Domestic,New,m²,120.0,120.0,120.0,Fixed,Base substrate/item rate,Full broadcast system; final build/specification to be confirmed.,2026-07-17,Yes
PB-CONCRETE-S-HEAVY-DUTY-BROADCAST-A-DOM-REP,Concrete Sealers & Floor Coatings,Heavy-duty broadcast aggregate epoxy,Domestic,Repaint,m²,150.0,150.0,150.0,Fixed,Base substrate/item rate,Full broadcast system; final build/specification to be confirmed.,2026-07-17,Yes
PB-CONCRETE-S-LINE-MARKING-50-100-MM-COM-NEW,Concrete Sealers & Floor Coatings,"Line marking, 50–100 mm wide",Commercial,New,lm,15.0,15.0,15.0,Fixed,Base substrate/item rate,Standard colour and layout.,2026-07-17,Yes
PB-CONCRETE-S-LINE-MARKING-50-100-MM-COM-REP,Concrete Sealers & Floor Coatings,"Line marking, 50–100 mm wide",Commercial,Repaint,lm,20.0,20.0,20.0,Fixed,Base substrate/item rate,Standard colour and layout.,2026-07-17,Yes
PB-CONCRETE-S-LINE-MARKING-50-100-MM-DOM-NEW,Concrete Sealers & Floor Coatings,"Line marking, 50–100 mm wide",Domestic,New,lm,12.0,12.0,12.0,Fixed,Base substrate/item rate,Standard colour and layout.,2026-07-17,Yes
PB-CONCRETE-S-LINE-MARKING-50-100-MM-DOM-REP,Concrete Sealers & Floor Coatings,"Line marking, 50–100 mm wide",Domestic,Repaint,lm,18.0,18.0,18.0,Fixed,Base substrate/item rate,Standard colour and layout.,2026-07-17,Yes
PB-CONCRETE-S-P4-SLIP-RESISTANT-EPOX-COM-NEW,Concrete Sealers & Floor Coatings,P4 slip-resistant epoxy flooring,Commercial,New,m²,105.0,105.0,105.0,Fixed,Base substrate/item rate,Includes nominated slip aggregate system.,2026-07-17,Yes
PB-CONCRETE-S-P4-SLIP-RESISTANT-EPOX-COM-REP,Concrete Sealers & Floor Coatings,P4 slip-resistant epoxy flooring,Commercial,Repaint,m²,130.0,130.0,130.0,Fixed,Base substrate/item rate,Includes nominated slip aggregate system.,2026-07-17,Yes
PB-CONCRETE-S-P4-SLIP-RESISTANT-EPOX-DOM-NEW,Concrete Sealers & Floor Coatings,P4 slip-resistant epoxy flooring,Domestic,New,m²,95.0,95.0,95.0,Fixed,Base substrate/item rate,Includes nominated slip aggregate system.,2026-07-17,Yes
PB-CONCRETE-S-P4-SLIP-RESISTANT-EPOX-DOM-REP,Concrete Sealers & Floor Coatings,P4 slip-resistant epoxy flooring,Domestic,Repaint,m²,120.0,120.0,120.0,Fixed,Base substrate/item rate,Includes nominated slip aggregate system.,2026-07-17,Yes
PB-CONCRETE-S-PENETRATING-CLEAR-CONC-COM-NEW,Concrete Sealers & Floor Coatings,Penetrating clear concrete sealer,Commercial,New,m²,32.0,32.0,32.0,Fixed,Base substrate/item rate,Sound dry concrete; one or two applications as specified.,2026-07-17,Yes
PB-CONCRETE-S-PENETRATING-CLEAR-CONC-COM-REP,Concrete Sealers & Floor Coatings,Penetrating clear concrete sealer,Commercial,Repaint,m²,42.0,42.0,42.0,Fixed,Base substrate/item rate,Sound dry concrete; one or two applications as specified.,2026-07-17,Yes
PB-CONCRETE-S-PENETRATING-CLEAR-CONC-DOM-NEW,Concrete Sealers & Floor Coatings,Penetrating clear concrete sealer,Domestic,New,m²,28.0,28.0,28.0,Fixed,Base substrate/item rate,Sound dry concrete; one or two applications as specified.,2026-07-17,Yes
PB-CONCRETE-S-PENETRATING-CLEAR-CONC-DOM-REP,Concrete Sealers & Floor Coatings,Penetrating clear concrete sealer,Domestic,Repaint,m²,38.0,38.0,38.0,Fixed,Base substrate/item rate,Sound dry concrete; one or two applications as specified.,2026-07-17,Yes
PB-CONCRETE-S-SMOOTH-LOW-BUILD-EPOXY-COM-NEW,Concrete Sealers & Floor Coatings,Smooth low-build epoxy flooring,Commercial,New,m²,85.0,85.0,85.0,Fixed,Base substrate/item rate,Sound concrete; moisture and contamination excluded.,2026-07-17,Yes
PB-CONCRETE-S-SMOOTH-LOW-BUILD-EPOXY-COM-REP,Concrete Sealers & Floor Coatings,Smooth low-build epoxy flooring,Commercial,Repaint,m²,110.0,110.0,110.0,Fixed,Base substrate/item rate,Sound concrete; moisture and contamination excluded.,2026-07-17,Yes
PB-CONCRETE-S-SMOOTH-LOW-BUILD-EPOXY-DOM-NEW,Concrete Sealers & Floor Coatings,Smooth low-build epoxy flooring,Domestic,New,m²,75.0,75.0,75.0,Fixed,Base substrate/item rate,Sound concrete; moisture and contamination excluded.,2026-07-17,Yes
PB-CONCRETE-S-SMOOTH-LOW-BUILD-EPOXY-DOM-REP,Concrete Sealers & Floor Coatings,Smooth low-build epoxy flooring,Domestic,Repaint,m²,100.0,100.0,100.0,Fixed,Base substrate/item rate,Sound concrete; moisture and contamination excluded.,2026-07-17,Yes
PB-CONCRETE-S-STANDARD-CONCRETE-FLOO-COM-NEW,Concrete Sealers & Floor Coatings,Standard concrete floor paint,Commercial,New,m²,65.0,65.0,65.0,Fixed,Base substrate/item rate,Mechanical prep allowance depends on substrate condition.,2026-07-17,Yes
PB-CONCRETE-S-STANDARD-CONCRETE-FLOO-COM-REP,Concrete Sealers & Floor Coatings,Standard concrete floor paint,Commercial,Repaint,m²,85.0,85.0,85.0,Fixed,Base substrate/item rate,Mechanical prep allowance depends on substrate condition.,2026-07-17,Yes
PB-CONCRETE-S-STANDARD-CONCRETE-FLOO-DOM-NEW,Concrete Sealers & Floor Coatings,Standard concrete floor paint,Domestic,New,m²,55.0,55.0,55.0,Fixed,Base substrate/item rate,Mechanical prep allowance depends on substrate condition.,2026-07-17,Yes
PB-CONCRETE-S-STANDARD-CONCRETE-FLOO-DOM-REP,Concrete Sealers & Floor Coatings,Standard concrete floor paint,Domestic,Repaint,m²,75.0,75.0,75.0,Fixed,Base substrate/item rate,Mechanical prep allowance depends on substrate condition.,2026-07-17,Yes
PB-CONCRETE-S-TWO-COAT-FILM-FORMING--COM-NEW,Concrete Sealers & Floor Coatings,Two-coat film-forming clear sealer,Commercial,New,m²,42.0,42.0,42.0,Fixed,Base substrate/item rate,Sound dry concrete; standard clear film-forming system.,2026-07-17,Yes
PB-CONCRETE-S-TWO-COAT-FILM-FORMING--COM-REP,Concrete Sealers & Floor Coatings,Two-coat film-forming clear sealer,Commercial,Repaint,m²,55.0,55.0,55.0,Fixed,Base substrate/item rate,Sound dry concrete; standard clear film-forming system.,2026-07-17,Yes
PB-CONCRETE-S-TWO-COAT-FILM-FORMING--DOM-NEW,Concrete Sealers & Floor Coatings,Two-coat film-forming clear sealer,Domestic,New,m²,36.0,36.0,36.0,Fixed,Base substrate/item rate,Sound dry concrete; standard clear film-forming system.,2026-07-17,Yes
PB-CONCRETE-S-TWO-COAT-FILM-FORMING--DOM-REP,Concrete Sealers & Floor Coatings,Two-coat film-forming clear sealer,Domestic,Repaint,m²,48.0,48.0,48.0,Fixed,Base substrate/item rate,Sound dry concrete; standard clear film-forming system.,2026-07-17,Yes
PB-CONCRETE-S-UV-STABLE-EXTERNAL-SLI-COM-NEW,Concrete Sealers & Floor Coatings,UV-stable external slip-resistant system,Commercial,New,m²,145.0,145.0,145.0,Fixed,Base substrate/item rate,UV-stable topcoat and slip aggregate.,2026-07-17,Yes
PB-CONCRETE-S-UV-STABLE-EXTERNAL-SLI-COM-REP,Concrete Sealers & Floor Coatings,UV-stable external slip-resistant system,Commercial,Repaint,m²,180.0,180.0,180.0,Fixed,Base substrate/item rate,UV-stable topcoat and slip aggregate.,2026-07-17,Yes
PB-CONCRETE-S-UV-STABLE-EXTERNAL-SLI-DOM-NEW,Concrete Sealers & Floor Coatings,UV-stable external slip-resistant system,Domestic,New,m²,130.0,130.0,130.0,Fixed,Base substrate/item rate,UV-stable topcoat and slip aggregate.,2026-07-17,Yes
PB-CONCRETE-S-UV-STABLE-EXTERNAL-SLI-DOM-REP,Concrete Sealers & Floor Coatings,UV-stable external slip-resistant system,Domestic,Repaint,m²,165.0,165.0,165.0,Fixed,Base substrate/item rate,UV-stable topcoat and slip aggregate.,2026-07-17,Yes
PB-DOORS-FRAM-ARCHITRAVES-COM-NEW,"Doors, Frames & Internal Timberwork",Architraves,Commercial,New,lm,18.0,18.0,18.0,Fixed,Base substrate/item rate,Standard profile and access.,2026-07-17,Yes
PB-DOORS-FRAM-ARCHITRAVES-COM-REP,"Doors, Frames & Internal Timberwork",Architraves,Commercial,Repaint,lm,22.0,22.0,22.0,Fixed,Base substrate/item rate,Standard profile and access.,2026-07-17,Yes
PB-DOORS-FRAM-ARCHITRAVES-DOM-NEW,"Doors, Frames & Internal Timberwork",Architraves,Domestic,New,lm,15.0,15.0,15.0,Fixed,Base substrate/item rate,Standard profile and access.,2026-07-17,Yes
PB-DOORS-FRAM-ARCHITRAVES-DOM-REP,"Doors, Frames & Internal Timberwork",Architraves,Domestic,Repaint,lm,20.0,20.0,20.0,Fixed,Base substrate/item rate,Standard profile and access.,2026-07-17,Yes
PB-DOORS-FRAM-BUILT-IN-SHELVING-SIMP-COM-NEW,"Doors, Frames & Internal Timberwork","Built-in shelving, simple",Commercial,New,m²,95.0,95.0,95.0,Fixed,Base substrate/item rate,Developed paintable area.,2026-07-17,Yes
PB-DOORS-FRAM-BUILT-IN-SHELVING-SIMP-COM-REP,"Doors, Frames & Internal Timberwork","Built-in shelving, simple",Commercial,Repaint,m²,125.0,125.0,125.0,Fixed,Base substrate/item rate,Developed paintable area.,2026-07-17,Yes
PB-DOORS-FRAM-BUILT-IN-SHELVING-SIMP-DOM-NEW,"Doors, Frames & Internal Timberwork","Built-in shelving, simple",Domestic,New,m²,85.0,85.0,85.0,Fixed,Base substrate/item rate,Developed paintable area.,2026-07-17,Yes
PB-DOORS-FRAM-BUILT-IN-SHELVING-SIMP-DOM-REP,"Doors, Frames & Internal Timberwork","Built-in shelving, simple",Domestic,Repaint,m²,115.0,115.0,115.0,Fixed,Base substrate/item rate,Developed paintable area.,2026-07-17,Yes
PB-DOORS-FRAM-CABINET-DOORS-AND-DRAW-COM-NEW,"Doors, Frames & Internal Timberwork",Cabinet doors and drawer fronts,Commercial,New,m²,130.0,130.0,130.0,Fixed,Base substrate/item rate,Developed face area; specialist two-pack finishes excluded.,2026-07-17,Yes
PB-DOORS-FRAM-CABINET-DOORS-AND-DRAW-COM-REP,"Doors, Frames & Internal Timberwork",Cabinet doors and drawer fronts,Commercial,Repaint,m²,170.0,170.0,170.0,Fixed,Base substrate/item rate,Developed face area; specialist two-pack finishes excluded.,2026-07-17,Yes
PB-DOORS-FRAM-CABINET-DOORS-AND-DRAW-DOM-NEW,"Doors, Frames & Internal Timberwork",Cabinet doors and drawer fronts,Domestic,New,m²,115.0,115.0,115.0,Fixed,Base substrate/item rate,Developed face area; specialist two-pack finishes excluded.,2026-07-17,Yes
PB-DOORS-FRAM-CABINET-DOORS-AND-DRAW-DOM-REP,"Doors, Frames & Internal Timberwork",Cabinet doors and drawer fronts,Domestic,Repaint,m²,155.0,155.0,155.0,Fixed,Base substrate/item rate,Developed face area; specialist two-pack finishes excluded.,2026-07-17,Yes
PB-DOORS-FRAM-DETAILED-COLONIAL-WIND-COM-NEW,"Doors, Frames & Internal Timberwork",Detailed colonial window,Commercial,New,each,480.0,480.0,480.0,Fixed,Base substrate/item rate,Allows for multiple panes and detailed cutting.,2026-07-17,Yes
PB-DOORS-FRAM-DETAILED-COLONIAL-WIND-COM-REP,"Doors, Frames & Internal Timberwork",Detailed colonial window,Commercial,Repaint,each,620.0,620.0,620.0,Fixed,Base substrate/item rate,Allows for multiple panes and detailed cutting.,2026-07-17,Yes
PB-DOORS-FRAM-DETAILED-COLONIAL-WIND-DOM-NEW,"Doors, Frames & Internal Timberwork",Detailed colonial window,Domestic,New,each,420.0,420.0,420.0,Fixed,Base substrate/item rate,Allows for multiple panes and detailed cutting.,2026-07-17,Yes
PB-DOORS-FRAM-DETAILED-COLONIAL-WIND-DOM-REP,"Doors, Frames & Internal Timberwork",Detailed colonial window,Domestic,Repaint,each,560.0,560.0,560.0,Fixed,Base substrate/item rate,Allows for multiple panes and detailed cutting.,2026-07-17,Yes
PB-DOORS-FRAM-DOUBLE-FRONT-OR-FEATUR-COM-NEW,"Doors, Frames & Internal Timberwork",Double front or feature door,Commercial,New,set,1300.0,1300.0,1300.0,Fixed,Base substrate/item rate,Complete double-door set; excludes major restoration.,2026-07-17,Yes
PB-DOORS-FRAM-DOUBLE-FRONT-OR-FEATUR-COM-REP,"Doors, Frames & Internal Timberwork",Double front or feature door,Commercial,Repaint,set,1600.0,1600.0,1600.0,Fixed,Base substrate/item rate,Complete double-door set; excludes major restoration.,2026-07-17,Yes
PB-DOORS-FRAM-DOUBLE-FRONT-OR-FEATUR-DOM-NEW,"Doors, Frames & Internal Timberwork",Double front or feature door,Domestic,New,set,1100.0,1100.0,1100.0,Fixed,Base substrate/item rate,Complete double-door set; excludes major restoration.,2026-07-17,Yes
PB-DOORS-FRAM-DOUBLE-FRONT-OR-FEATUR-DOM-REP,"Doors, Frames & Internal Timberwork",Double front or feature door,Domestic,Repaint,set,1400.0,1400.0,1400.0,Fixed,Base substrate/item rate,Complete double-door set; excludes major restoration.,2026-07-17,Yes
PB-DOORS-FRAM-DOUBLE-METAL-CLAD-DOOR-COM-NEW,"Doors, Frames & Internal Timberwork",Double metal-clad door and frame,Commercial,New,set,1250.0,1250.0,1250.0,Fixed,Base substrate/item rate,Double complete set.,2026-07-17,Yes
PB-DOORS-FRAM-DOUBLE-METAL-CLAD-DOOR-COM-REP,"Doors, Frames & Internal Timberwork",Double metal-clad door and frame,Commercial,Repaint,set,1550.0,1550.0,1550.0,Fixed,Base substrate/item rate,Double complete set.,2026-07-17,Yes
PB-DOORS-FRAM-DOUBLE-METAL-CLAD-DOOR-DOM-NEW,"Doors, Frames & Internal Timberwork",Double metal-clad door and frame,Domestic,New,set,1100.0,1100.0,1100.0,Fixed,Base substrate/item rate,Double complete set.,2026-07-17,Yes
PB-DOORS-FRAM-DOUBLE-METAL-CLAD-DOOR-DOM-REP,"Doors, Frames & Internal Timberwork",Double metal-clad door and frame,Domestic,Repaint,set,1400.0,1400.0,1400.0,Fixed,Base substrate/item rate,Double complete set.,2026-07-17,Yes
PB-DOORS-FRAM-FIRE-RATED-DOOR-LEAF-COM-NEW,"Doors, Frames & Internal Timberwork",Fire-rated door leaf,Commercial,New,each,550.0,550.0,550.0,Fixed,Base substrate/item rate,"Painting only; certification, seals and fire-rating repairs excluded.",2026-07-17,Yes
PB-DOORS-FRAM-FIRE-RATED-DOOR-LEAF-COM-REP,"Doors, Frames & Internal Timberwork",Fire-rated door leaf,Commercial,Repaint,each,680.0,680.0,680.0,Fixed,Base substrate/item rate,"Painting only; certification, seals and fire-rating repairs excluded.",2026-07-17,Yes
PB-DOORS-FRAM-FIRE-RATED-DOOR-LEAF-DOM-NEW,"Doors, Frames & Internal Timberwork",Fire-rated door leaf,Domestic,New,each,500.0,500.0,500.0,Fixed,Base substrate/item rate,"Painting only; certification, seals and fire-rating repairs excluded.",2026-07-17,Yes
PB-DOORS-FRAM-FIRE-RATED-DOOR-LEAF-DOM-REP,"Doors, Frames & Internal Timberwork",Fire-rated door leaf,Domestic,Repaint,each,620.0,620.0,620.0,Fixed,Base substrate/item rate,"Painting only; certification, seals and fire-rating repairs excluded.",2026-07-17,Yes
PB-DOORS-FRAM-FLUSH-INTERNAL-DOOR-BO-COM-NEW,"Doors, Frames & Internal Timberwork","Flush internal door, both faces and edges",Commercial,New,each,260.0,260.0,260.0,Fixed,Base substrate/item rate,Hardware masked; removal and rehanging excluded.,2026-07-17,Yes
PB-DOORS-FRAM-FLUSH-INTERNAL-DOOR-BO-COM-REP,"Doors, Frames & Internal Timberwork","Flush internal door, both faces and edges",Commercial,Repaint,each,320.0,320.0,320.0,Fixed,Base substrate/item rate,Hardware masked; removal and rehanging excluded.,2026-07-17,Yes
PB-DOORS-FRAM-FLUSH-INTERNAL-DOOR-BO-DOM-NEW,"Doors, Frames & Internal Timberwork","Flush internal door, both faces and edges",Domestic,New,each,220.0,220.0,220.0,Fixed,Base substrate/item rate,Hardware masked; removal and rehanging excluded.,2026-07-17,Yes
PB-DOORS-FRAM-FLUSH-INTERNAL-DOOR-BO-DOM-REP,"Doors, Frames & Internal Timberwork","Flush internal door, both faces and edges",Domestic,Repaint,each,280.0,280.0,280.0,Fixed,Base substrate/item rate,Hardware masked; removal and rehanging excluded.,2026-07-17,Yes
PB-DOORS-FRAM-FRONT-ENTRY-DOOR-COM-NEW,"Doors, Frames & Internal Timberwork",Front entry door,Commercial,New,each,750.0,750.0,750.0,Fixed,Base substrate/item rate,Standard single feature/entry door.,2026-07-17,Yes
PB-DOORS-FRAM-FRONT-ENTRY-DOOR-COM-REP,"Doors, Frames & Internal Timberwork",Front entry door,Commercial,Repaint,each,900.0,900.0,900.0,Fixed,Base substrate/item rate,Standard single feature/entry door.,2026-07-17,Yes
PB-DOORS-FRAM-FRONT-ENTRY-DOOR-DOM-NEW,"Doors, Frames & Internal Timberwork",Front entry door,Domestic,New,each,650.0,650.0,650.0,Fixed,Base substrate/item rate,Standard single feature/entry door.,2026-07-17,Yes
PB-DOORS-FRAM-FRONT-ENTRY-DOOR-DOM-REP,"Doors, Frames & Internal Timberwork",Front entry door,Domestic,Repaint,each,800.0,800.0,800.0,Fixed,Base substrate/item rate,Standard single feature/entry door.,2026-07-17,Yes
PB-DOORS-FRAM-GROOVED-OR-PANELLED-IN-COM-NEW,"Doors, Frames & Internal Timberwork",Grooved or panelled internal door,Commercial,New,each,320.0,320.0,320.0,Fixed,Base substrate/item rate,"Allows for additional grooves, panels and cutting.",2026-07-17,Yes
PB-DOORS-FRAM-GROOVED-OR-PANELLED-IN-COM-REP,"Doors, Frames & Internal Timberwork",Grooved or panelled internal door,Commercial,Repaint,each,390.0,390.0,390.0,Fixed,Base substrate/item rate,"Allows for additional grooves, panels and cutting.",2026-07-17,Yes
PB-DOORS-FRAM-GROOVED-OR-PANELLED-IN-DOM-NEW,"Doors, Frames & Internal Timberwork",Grooved or panelled internal door,Domestic,New,each,280.0,280.0,280.0,Fixed,Base substrate/item rate,"Allows for additional grooves, panels and cutting.",2026-07-17,Yes
PB-DOORS-FRAM-GROOVED-OR-PANELLED-IN-DOM-REP,"Doors, Frames & Internal Timberwork",Grooved or panelled internal door,Domestic,Repaint,each,350.0,350.0,350.0,Fixed,Base substrate/item rate,"Allows for additional grooves, panels and cutting.",2026-07-17,Yes
PB-DOORS-FRAM-METAL-CLAD-DOOR-AND-ST-COM-NEW,"Doors, Frames & Internal Timberwork",Metal-clad door and steel frame,Commercial,New,set,700.0,700.0,700.0,Fixed,Base substrate/item rate,Single complete set.,2026-07-17,Yes
PB-DOORS-FRAM-METAL-CLAD-DOOR-AND-ST-COM-REP,"Doors, Frames & Internal Timberwork",Metal-clad door and steel frame,Commercial,Repaint,set,850.0,850.0,850.0,Fixed,Base substrate/item rate,Single complete set.,2026-07-17,Yes
PB-DOORS-FRAM-METAL-CLAD-DOOR-AND-ST-DOM-NEW,"Doors, Frames & Internal Timberwork",Metal-clad door and steel frame,Domestic,New,set,620.0,620.0,620.0,Fixed,Base substrate/item rate,Single complete set.,2026-07-17,Yes
PB-DOORS-FRAM-METAL-CLAD-DOOR-AND-ST-DOM-REP,"Doors, Frames & Internal Timberwork",Metal-clad door and steel frame,Domestic,Repaint,set,760.0,760.0,760.0,Fixed,Base substrate/item rate,Single complete set.,2026-07-17,Yes
PB-DOORS-FRAM-METAL-CLAD-DOOR-LEAF-COM-NEW,"Doors, Frames & Internal Timberwork",Metal-clad door leaf,Commercial,New,each,480.0,480.0,480.0,Fixed,Base substrate/item rate,Both faces and accessible edges.,2026-07-17,Yes
PB-DOORS-FRAM-METAL-CLAD-DOOR-LEAF-COM-REP,"Doors, Frames & Internal Timberwork",Metal-clad door leaf,Commercial,Repaint,each,600.0,600.0,600.0,Fixed,Base substrate/item rate,Both faces and accessible edges.,2026-07-17,Yes
PB-DOORS-FRAM-METAL-CLAD-DOOR-LEAF-DOM-NEW,"Doors, Frames & Internal Timberwork",Metal-clad door leaf,Domestic,New,each,430.0,430.0,430.0,Fixed,Base substrate/item rate,Both faces and accessible edges.,2026-07-17,Yes
PB-DOORS-FRAM-METAL-CLAD-DOOR-LEAF-DOM-REP,"Doors, Frames & Internal Timberwork",Metal-clad door leaf,Domestic,Repaint,each,550.0,550.0,550.0,Fixed,Base substrate/item rate,Both faces and accessible edges.,2026-07-17,Yes
PB-DOORS-FRAM-PRESSED-STEEL-DOOR-FRA-COM-NEW,"Doors, Frames & Internal Timberwork",Pressed steel door frame only,Commercial,New,each,280.0,280.0,280.0,Fixed,Base substrate/item rate,Includes normal metal preparation and coating system.,2026-07-17,Yes
PB-DOORS-FRAM-PRESSED-STEEL-DOOR-FRA-COM-REP,"Doors, Frames & Internal Timberwork",Pressed steel door frame only,Commercial,Repaint,each,340.0,340.0,340.0,Fixed,Base substrate/item rate,Includes normal metal preparation and coating system.,2026-07-17,Yes
PB-DOORS-FRAM-PRESSED-STEEL-DOOR-FRA-DOM-NEW,"Doors, Frames & Internal Timberwork",Pressed steel door frame only,Domestic,New,each,240.0,240.0,240.0,Fixed,Base substrate/item rate,Includes normal metal preparation and coating system.,2026-07-17,Yes
PB-DOORS-FRAM-PRESSED-STEEL-DOOR-FRA-DOM-REP,"Doors, Frames & Internal Timberwork",Pressed steel door frame only,Domestic,Repaint,each,300.0,300.0,300.0,Fixed,Base substrate/item rate,Includes normal metal preparation and coating system.,2026-07-17,Yes
PB-DOORS-FRAM-SKIRTING-BOARDS-COM-NEW,"Doors, Frames & Internal Timberwork",Skirting boards,Commercial,New,lm,18.0,18.0,18.0,Fixed,Base substrate/item rate,Standard profile and access.,2026-07-17,Yes
PB-DOORS-FRAM-SKIRTING-BOARDS-COM-REP,"Doors, Frames & Internal Timberwork",Skirting boards,Commercial,Repaint,lm,22.0,22.0,22.0,Fixed,Base substrate/item rate,Standard profile and access.,2026-07-17,Yes
PB-DOORS-FRAM-SKIRTING-BOARDS-DOM-NEW,"Doors, Frames & Internal Timberwork",Skirting boards,Domestic,New,lm,15.0,15.0,15.0,Fixed,Base substrate/item rate,Standard profile and access.,2026-07-17,Yes
PB-DOORS-FRAM-SKIRTING-BOARDS-DOM-REP,"Doors, Frames & Internal Timberwork",Skirting boards,Domestic,Repaint,lm,20.0,20.0,20.0,Fixed,Base substrate/item rate,Standard profile and access.,2026-07-17,Yes
PB-DOORS-FRAM-STANDARD-DOOR-LEAF-AND-COM-NEW,"Doors, Frames & Internal Timberwork",Standard door leaf and full frame,Commercial,New,set,520.0,520.0,520.0,Fixed,Base substrate/item rate,Door leaf plus complete frame and architraves.,2026-07-17,Yes
PB-DOORS-FRAM-STANDARD-DOOR-LEAF-AND-COM-REP,"Doors, Frames & Internal Timberwork",Standard door leaf and full frame,Commercial,Repaint,set,650.0,650.0,650.0,Fixed,Base substrate/item rate,Door leaf plus complete frame and architraves.,2026-07-17,Yes
PB-DOORS-FRAM-STANDARD-DOOR-LEAF-AND-DOM-NEW,"Doors, Frames & Internal Timberwork",Standard door leaf and full frame,Domestic,New,set,450.0,450.0,450.0,Fixed,Base substrate/item rate,Door leaf plus complete frame and architraves.,2026-07-17,Yes
PB-DOORS-FRAM-STANDARD-DOOR-LEAF-AND-DOM-REP,"Doors, Frames & Internal Timberwork",Standard door leaf and full frame,Domestic,Repaint,set,580.0,580.0,580.0,Fixed,Base substrate/item rate,Door leaf plus complete frame and architraves.,2026-07-17,Yes
PB-DOORS-FRAM-TIMBER-DADO-OR-CHAIR-R-COM-NEW,"Doors, Frames & Internal Timberwork",Timber dado or chair rail,Commercial,New,lm,20.0,20.0,20.0,Fixed,Base substrate/item rate,Standard profile.,2026-07-17,Yes
PB-DOORS-FRAM-TIMBER-DADO-OR-CHAIR-R-COM-REP,"Doors, Frames & Internal Timberwork",Timber dado or chair rail,Commercial,Repaint,lm,26.0,26.0,26.0,Fixed,Base substrate/item rate,Standard profile.,2026-07-17,Yes
PB-DOORS-FRAM-TIMBER-DADO-OR-CHAIR-R-DOM-NEW,"Doors, Frames & Internal Timberwork",Timber dado or chair rail,Domestic,New,lm,17.0,17.0,17.0,Fixed,Base substrate/item rate,Standard profile.,2026-07-17,Yes
PB-DOORS-FRAM-TIMBER-DADO-OR-CHAIR-R-DOM-REP,"Doors, Frames & Internal Timberwork",Timber dado or chair rail,Domestic,Repaint,lm,23.0,23.0,23.0,Fixed,Base substrate/item rate,Standard profile.,2026-07-17,Yes
PB-DOORS-FRAM-TIMBER-FRAME-AND-ARCHI-COM-NEW,"Doors, Frames & Internal Timberwork",Timber frame and architraves only,Commercial,New,each,260.0,260.0,260.0,Fixed,Base substrate/item rate,Complete standard frame and architraves.,2026-07-17,Yes
PB-DOORS-FRAM-TIMBER-FRAME-AND-ARCHI-COM-REP,"Doors, Frames & Internal Timberwork",Timber frame and architraves only,Commercial,Repaint,each,330.0,330.0,330.0,Fixed,Base substrate/item rate,Complete standard frame and architraves.,2026-07-17,Yes
PB-DOORS-FRAM-TIMBER-FRAME-AND-ARCHI-DOM-NEW,"Doors, Frames & Internal Timberwork",Timber frame and architraves only,Domestic,New,each,220.0,220.0,220.0,Fixed,Base substrate/item rate,Complete standard frame and architraves.,2026-07-17,Yes
PB-DOORS-FRAM-TIMBER-FRAME-AND-ARCHI-DOM-REP,"Doors, Frames & Internal Timberwork",Timber frame and architraves only,Domestic,Repaint,each,290.0,290.0,290.0,Fixed,Base substrate/item rate,Complete standard frame and architraves.,2026-07-17,Yes
PB-DOORS-FRAM-TIMBER-STAIRCASE-STAND-COM-NEW,"Doors, Frames & Internal Timberwork","Timber staircase, standard flight",Commercial,New,each,2400.0,2400.0,2400.0,Fixed,Base substrate/item rate,Standard staircase; balustrades and special finishes may be extra.,2026-07-17,Yes
PB-DOORS-FRAM-TIMBER-STAIRCASE-STAND-COM-REP,"Doors, Frames & Internal Timberwork","Timber staircase, standard flight",Commercial,Repaint,each,3000.0,3000.0,3000.0,Fixed,Base substrate/item rate,Standard staircase; balustrades and special finishes may be extra.,2026-07-17,Yes
PB-DOORS-FRAM-TIMBER-STAIRCASE-STAND-DOM-NEW,"Doors, Frames & Internal Timberwork","Timber staircase, standard flight",Domestic,New,each,2000.0,2000.0,2000.0,Fixed,Base substrate/item rate,Standard staircase; balustrades and special finishes may be extra.,2026-07-17,Yes
PB-DOORS-FRAM-TIMBER-STAIRCASE-STAND-DOM-REP,"Doors, Frames & Internal Timberwork","Timber staircase, standard flight",Domestic,Repaint,each,2700.0,2700.0,2700.0,Fixed,Base substrate/item rate,Standard staircase; balustrades and special finishes may be extra.,2026-07-17,Yes
PB-DOORS-FRAM-TIMBER-WINDOW-FRAME-ST-COM-NEW,"Doors, Frames & Internal Timberwork","Timber window frame, standard size",Commercial,New,each,320.0,320.0,320.0,Fixed,Base substrate/item rate,Standard window; excludes extensive putty or rot repairs.,2026-07-17,Yes
PB-DOORS-FRAM-TIMBER-WINDOW-FRAME-ST-COM-REP,"Doors, Frames & Internal Timberwork","Timber window frame, standard size",Commercial,Repaint,each,420.0,420.0,420.0,Fixed,Base substrate/item rate,Standard window; excludes extensive putty or rot repairs.,2026-07-17,Yes
PB-DOORS-FRAM-TIMBER-WINDOW-FRAME-ST-DOM-NEW,"Doors, Frames & Internal Timberwork","Timber window frame, standard size",Domestic,New,each,280.0,280.0,280.0,Fixed,Base substrate/item rate,Standard window; excludes extensive putty or rot repairs.,2026-07-17,Yes
PB-DOORS-FRAM-TIMBER-WINDOW-FRAME-ST-DOM-REP,"Doors, Frames & Internal Timberwork","Timber window frame, standard size",Domestic,Repaint,each,380.0,380.0,380.0,Fixed,Base substrate/item rate,Standard window; excludes extensive putty or rot repairs.,2026-07-17,Yes
PB-EXTERNAL-D-ALUMINIUM-WINDOW-REQUI-COM-NEW,"External Doors, Windows & Garage Doors",Aluminium window requiring specialist primer,Commercial,New,each,350.0,350.0,350.0,Fixed,Base substrate/item rate,Adhesion preparation and compatible primer required.,2026-07-17,Yes
PB-EXTERNAL-D-ALUMINIUM-WINDOW-REQUI-COM-REP,"External Doors, Windows & Garage Doors",Aluminium window requiring specialist primer,Commercial,Repaint,each,450.0,450.0,450.0,Fixed,Base substrate/item rate,Adhesion preparation and compatible primer required.,2026-07-17,Yes
PB-EXTERNAL-D-ALUMINIUM-WINDOW-REQUI-DOM-NEW,"External Doors, Windows & Garage Doors",Aluminium window requiring specialist primer,Domestic,New,each,300.0,300.0,300.0,Fixed,Base substrate/item rate,Adhesion preparation and compatible primer required.,2026-07-17,Yes
PB-EXTERNAL-D-ALUMINIUM-WINDOW-REQUI-DOM-REP,"External Doors, Windows & Garage Doors",Aluminium window requiring specialist primer,Domestic,Repaint,each,400.0,400.0,400.0,Fixed,Base substrate/item rate,Adhesion preparation and compatible primer required.,2026-07-17,Yes
PB-EXTERNAL-D-DOUBLE-GARAGE-DOOR-COM-NEW,"External Doors, Windows & Garage Doors",Double garage door,Commercial,New,each,1050.0,1050.0,1050.0,Fixed,Base substrate/item rate,Standard double sectional/panel-lift door.,2026-07-17,Yes
PB-EXTERNAL-D-DOUBLE-GARAGE-DOOR-COM-REP,"External Doors, Windows & Garage Doors",Double garage door,Commercial,Repaint,each,1350.0,1350.0,1350.0,Fixed,Base substrate/item rate,Standard double sectional/panel-lift door.,2026-07-17,Yes
PB-EXTERNAL-D-DOUBLE-GARAGE-DOOR-DOM-NEW,"External Doors, Windows & Garage Doors",Double garage door,Domestic,New,each,900.0,900.0,900.0,Fixed,Base substrate/item rate,Standard double sectional/panel-lift door.,2026-07-17,Yes
PB-EXTERNAL-D-DOUBLE-GARAGE-DOOR-DOM-REP,"External Doors, Windows & Garage Doors",Double garage door,Domestic,Repaint,each,1200.0,1200.0,1200.0,Fixed,Base substrate/item rate,Standard double sectional/panel-lift door.,2026-07-17,Yes
PB-EXTERNAL-D-EXTERNAL-FLUSH-DOOR-COM-NEW,"External Doors, Windows & Garage Doors",External flush door,Commercial,New,each,600.0,600.0,600.0,Fixed,Base substrate/item rate,Both faces and accessible edges.,2026-07-17,Yes
PB-EXTERNAL-D-EXTERNAL-FLUSH-DOOR-COM-REP,"External Doors, Windows & Garage Doors",External flush door,Commercial,Repaint,each,750.0,750.0,750.0,Fixed,Base substrate/item rate,Both faces and accessible edges.,2026-07-17,Yes
PB-EXTERNAL-D-EXTERNAL-FLUSH-DOOR-DOM-NEW,"External Doors, Windows & Garage Doors",External flush door,Domestic,New,each,520.0,520.0,520.0,Fixed,Base substrate/item rate,Both faces and accessible edges.,2026-07-17,Yes
PB-EXTERNAL-D-EXTERNAL-FLUSH-DOOR-DOM-REP,"External Doors, Windows & Garage Doors",External flush door,Domestic,Repaint,each,680.0,680.0,680.0,Fixed,Base substrate/item rate,Both faces and accessible edges.,2026-07-17,Yes
PB-EXTERNAL-D-PANELLED-EXTERNAL-DOOR-COM-NEW,"External Doors, Windows & Garage Doors",Panelled external door,Commercial,New,each,750.0,750.0,750.0,Fixed,Base substrate/item rate,Allows for panel detailing.,2026-07-17,Yes
PB-EXTERNAL-D-PANELLED-EXTERNAL-DOOR-COM-REP,"External Doors, Windows & Garage Doors",Panelled external door,Commercial,Repaint,each,920.0,920.0,920.0,Fixed,Base substrate/item rate,Allows for panel detailing.,2026-07-17,Yes
PB-EXTERNAL-D-PANELLED-EXTERNAL-DOOR-DOM-NEW,"External Doors, Windows & Garage Doors",Panelled external door,Domestic,New,each,650.0,650.0,650.0,Fixed,Base substrate/item rate,Allows for panel detailing.,2026-07-17,Yes
PB-EXTERNAL-D-PANELLED-EXTERNAL-DOOR-DOM-REP,"External Doors, Windows & Garage Doors",Panelled external door,Domestic,Repaint,each,850.0,850.0,850.0,Fixed,Base substrate/item rate,Allows for panel detailing.,2026-07-17,Yes
PB-EXTERNAL-D-ROLLER-SHUTTER-DOOR-COM-NEW,"External Doors, Windows & Garage Doors",Roller shutter door,Commercial,New,m²,65.0,65.0,65.0,Fixed,Base substrate/item rate,Actual shutter area.,2026-07-17,Yes
PB-EXTERNAL-D-ROLLER-SHUTTER-DOOR-COM-REP,"External Doors, Windows & Garage Doors",Roller shutter door,Commercial,Repaint,m²,85.0,85.0,85.0,Fixed,Base substrate/item rate,Actual shutter area.,2026-07-17,Yes
PB-EXTERNAL-D-ROLLER-SHUTTER-DOOR-DOM-NEW,"External Doors, Windows & Garage Doors",Roller shutter door,Domestic,New,m²,58.0,58.0,58.0,Fixed,Base substrate/item rate,Actual shutter area.,2026-07-17,Yes
PB-EXTERNAL-D-ROLLER-SHUTTER-DOOR-DOM-REP,"External Doors, Windows & Garage Doors",Roller shutter door,Domestic,Repaint,m²,75.0,75.0,75.0,Fixed,Base substrate/item rate,Actual shutter area.,2026-07-17,Yes
PB-EXTERNAL-D-SINGLE-GARAGE-DOOR-COM-NEW,"External Doors, Windows & Garage Doors",Single garage door,Commercial,New,each,650.0,650.0,650.0,Fixed,Base substrate/item rate,Standard sectional/panel-lift door.,2026-07-17,Yes
PB-EXTERNAL-D-SINGLE-GARAGE-DOOR-COM-REP,"External Doors, Windows & Garage Doors",Single garage door,Commercial,Repaint,each,850.0,850.0,850.0,Fixed,Base substrate/item rate,Standard sectional/panel-lift door.,2026-07-17,Yes
PB-EXTERNAL-D-SINGLE-GARAGE-DOOR-DOM-NEW,"External Doors, Windows & Garage Doors",Single garage door,Domestic,New,each,550.0,550.0,550.0,Fixed,Base substrate/item rate,Standard sectional/panel-lift door.,2026-07-17,Yes
PB-EXTERNAL-D-SINGLE-GARAGE-DOOR-DOM-REP,"External Doors, Windows & Garage Doors",Single garage door,Domestic,Repaint,each,750.0,750.0,750.0,Fixed,Base substrate/item rate,Standard sectional/panel-lift door.,2026-07-17,Yes
PB-EXTERNAL-D-STEEL-EXTERNAL-DOOR-AN-COM-NEW,"External Doors, Windows & Garage Doors",Steel external door and frame,Commercial,New,set,750.0,750.0,750.0,Fixed,Base substrate/item rate,Complete single set.,2026-07-17,Yes
PB-EXTERNAL-D-STEEL-EXTERNAL-DOOR-AN-COM-REP,"External Doors, Windows & Garage Doors",Steel external door and frame,Commercial,Repaint,set,900.0,900.0,900.0,Fixed,Base substrate/item rate,Complete single set.,2026-07-17,Yes
PB-EXTERNAL-D-STEEL-EXTERNAL-DOOR-AN-DOM-NEW,"External Doors, Windows & Garage Doors",Steel external door and frame,Domestic,New,set,650.0,650.0,650.0,Fixed,Base substrate/item rate,Complete single set.,2026-07-17,Yes
PB-EXTERNAL-D-STEEL-EXTERNAL-DOOR-AN-DOM-REP,"External Doors, Windows & Garage Doors",Steel external door and frame,Domestic,Repaint,set,800.0,800.0,800.0,Fixed,Base substrate/item rate,Complete single set.,2026-07-17,Yes
PB-EXTERNAL-D-TIMBER-FEATURE-FRONT-D-COM-NEW,"External Doors, Windows & Garage Doors",Timber feature front door,Commercial,New,each,850.0,850.0,850.0,Fixed,Base substrate/item rate,Premium finish; excludes major restoration.,2026-07-17,Yes
PB-EXTERNAL-D-TIMBER-FEATURE-FRONT-D-COM-REP,"External Doors, Windows & Garage Doors",Timber feature front door,Commercial,Repaint,each,1050.0,1050.0,1050.0,Fixed,Base substrate/item rate,Premium finish; excludes major restoration.,2026-07-17,Yes
PB-EXTERNAL-D-TIMBER-FEATURE-FRONT-D-DOM-NEW,"External Doors, Windows & Garage Doors",Timber feature front door,Domestic,New,each,750.0,750.0,750.0,Fixed,Base substrate/item rate,Premium finish; excludes major restoration.,2026-07-17,Yes
PB-EXTERNAL-D-TIMBER-FEATURE-FRONT-D-DOM-REP,"External Doors, Windows & Garage Doors",Timber feature front door,Domestic,Repaint,each,950.0,950.0,950.0,Fixed,Base substrate/item rate,Premium finish; excludes major restoration.,2026-07-17,Yes
PB-EXTERNAL-D-TIMBER-WINDOW-EXTERNAL-COM-NEW,"External Doors, Windows & Garage Doors","Timber window, external faces",Commercial,New,each,350.0,350.0,350.0,Fixed,Base substrate/item rate,Standard window; repairs excluded.,2026-07-17,Yes
PB-EXTERNAL-D-TIMBER-WINDOW-EXTERNAL-COM-REP,"External Doors, Windows & Garage Doors","Timber window, external faces",Commercial,Repaint,each,480.0,480.0,480.0,Fixed,Base substrate/item rate,Standard window; repairs excluded.,2026-07-17,Yes
PB-EXTERNAL-D-TIMBER-WINDOW-EXTERNAL-DOM-NEW,"External Doors, Windows & Garage Doors","Timber window, external faces",Domestic,New,each,300.0,300.0,300.0,Fixed,Base substrate/item rate,Standard window; repairs excluded.,2026-07-17,Yes
PB-EXTERNAL-D-TIMBER-WINDOW-EXTERNAL-DOM-REP,"External Doors, Windows & Garage Doors","Timber window, external faces",Domestic,Repaint,each,430.0,430.0,430.0,Fixed,Base substrate/item rate,Standard window; repairs excluded.,2026-07-17,Yes
PB-EXTERNAL-W-CEMENT-RENDER-COM-NEW,External Walls & Cladding,Cement render,Commercial,New,m²,55.0,55.0,55.0,Fixed,Base substrate/item rate,Premium exterior acrylic; sound cured render.,2026-07-17,Yes
PB-EXTERNAL-W-CEMENT-RENDER-COM-REP,External Walls & Cladding,Cement render,Commercial,Repaint,m²,60.0,60.0,60.0,Fixed,Base substrate/item rate,Premium exterior acrylic; sound cured render.,2026-07-17,Yes
PB-EXTERNAL-W-CEMENT-RENDER-DOM-NEW,External Walls & Cladding,Cement render,Domestic,New,m²,48.0,48.0,48.0,Fixed,Base substrate/item rate,Premium exterior acrylic; sound cured render.,2026-07-17,Yes
PB-EXTERNAL-W-CEMENT-RENDER-DOM-REP,External Walls & Cladding,Cement render,Domestic,Repaint,m²,58.0,58.0,58.0,Fixed,Base substrate/item rate,Premium exterior acrylic; sound cured render.,2026-07-17,Yes
PB-EXTERNAL-W-CONCRETE-BLOCKWORK-COM-NEW,External Walls & Cladding,Concrete blockwork,Commercial,New,m²,58.0,58.0,58.0,Fixed,Base substrate/item rate,Includes suitable sealer/block filler and exterior finish.,2026-07-17,Yes
PB-EXTERNAL-W-CONCRETE-BLOCKWORK-COM-REP,External Walls & Cladding,Concrete blockwork,Commercial,Repaint,m²,62.0,62.0,62.0,Fixed,Base substrate/item rate,Includes suitable sealer/block filler and exterior finish.,2026-07-17,Yes
PB-EXTERNAL-W-CONCRETE-BLOCKWORK-DOM-NEW,External Walls & Cladding,Concrete blockwork,Domestic,New,m²,50.0,50.0,50.0,Fixed,Base substrate/item rate,Includes suitable sealer/block filler and exterior finish.,2026-07-17,Yes
PB-EXTERNAL-W-CONCRETE-BLOCKWORK-DOM-REP,External Walls & Cladding,Concrete blockwork,Domestic,Repaint,m²,60.0,60.0,60.0,Fixed,Base substrate/item rate,Includes suitable sealer/block filler and exterior finish.,2026-07-17,Yes
PB-EXTERNAL-W-ELASTOMERIC-MEMBRANE-O-COM-NEW,External Walls & Cladding,Elastomeric membrane over render,Commercial,New,m²,72.0,72.0,72.0,Fixed,Base substrate/item rate,High-build membrane system; final specification to be confirmed.,2026-07-17,Yes
PB-EXTERNAL-W-ELASTOMERIC-MEMBRANE-O-COM-REP,External Walls & Cladding,Elastomeric membrane over render,Commercial,Repaint,m²,82.0,82.0,82.0,Fixed,Base substrate/item rate,High-build membrane system; final specification to be confirmed.,2026-07-17,Yes
PB-EXTERNAL-W-ELASTOMERIC-MEMBRANE-O-DOM-NEW,External Walls & Cladding,Elastomeric membrane over render,Domestic,New,m²,65.0,65.0,65.0,Fixed,Base substrate/item rate,High-build membrane system; final specification to be confirmed.,2026-07-17,Yes
PB-EXTERNAL-W-ELASTOMERIC-MEMBRANE-O-DOM-REP,External Walls & Cladding,Elastomeric membrane over render,Domestic,Repaint,m²,75.0,75.0,75.0,Fixed,Base substrate/item rate,High-build membrane system; final specification to be confirmed.,2026-07-17,Yes
PB-EXTERNAL-W-FC-WEATHERBOARD-STYLE--COM-NEW,External Walls & Cladding,FC weatherboard-style cladding,Commercial,New,m²,58.0,58.0,58.0,Fixed,Base substrate/item rate,Allows for laps and additional cutting.,2026-07-17,Yes
PB-EXTERNAL-W-FC-WEATHERBOARD-STYLE--COM-REP,External Walls & Cladding,FC weatherboard-style cladding,Commercial,Repaint,m²,65.0,65.0,65.0,Fixed,Base substrate/item rate,Allows for laps and additional cutting.,2026-07-17,Yes
PB-EXTERNAL-W-FC-WEATHERBOARD-STYLE--DOM-NEW,External Walls & Cladding,FC weatherboard-style cladding,Domestic,New,m²,50.0,50.0,50.0,Fixed,Base substrate/item rate,Allows for laps and additional cutting.,2026-07-17,Yes
PB-EXTERNAL-W-FC-WEATHERBOARD-STYLE--DOM-REP,External Walls & Cladding,FC weatherboard-style cladding,Domestic,Repaint,m²,60.0,60.0,60.0,Fixed,Base substrate/item rate,Allows for laps and additional cutting.,2026-07-17,Yes
PB-EXTERNAL-W-FACE-BRICK-TO-BE-PAINT-COM-NEW,External Walls & Cladding,Face brick to be painted,Commercial,New,m²,60.0,60.0,60.0,Fixed,Base substrate/item rate,Includes masonry preparation and coating system.,2026-07-17,Yes
PB-EXTERNAL-W-FACE-BRICK-TO-BE-PAINT-COM-REP,External Walls & Cladding,Face brick to be painted,Commercial,Repaint,m²,65.0,65.0,65.0,Fixed,Base substrate/item rate,Includes masonry preparation and coating system.,2026-07-17,Yes
PB-EXTERNAL-W-FACE-BRICK-TO-BE-PAINT-DOM-NEW,External Walls & Cladding,Face brick to be painted,Domestic,New,m²,52.0,52.0,52.0,Fixed,Base substrate/item rate,Includes masonry preparation and coating system.,2026-07-17,Yes
PB-EXTERNAL-W-FACE-BRICK-TO-BE-PAINT-DOM-REP,External Walls & Cladding,Face brick to be painted,Domestic,Repaint,m²,62.0,62.0,62.0,Fixed,Base substrate/item rate,Includes masonry preparation and coating system.,2026-07-17,Yes
PB-EXTERNAL-W-FIBRE-CEMENT-SHEET-CLA-COM-NEW,External Walls & Cladding,Fibre-cement sheet cladding,Commercial,New,m²,52.0,52.0,52.0,Fixed,Base substrate/item rate,Joints and sheets assumed complete and dry.,2026-07-17,Yes
PB-EXTERNAL-W-FIBRE-CEMENT-SHEET-CLA-COM-REP,External Walls & Cladding,Fibre-cement sheet cladding,Commercial,Repaint,m²,58.0,58.0,58.0,Fixed,Base substrate/item rate,Joints and sheets assumed complete and dry.,2026-07-17,Yes
PB-EXTERNAL-W-FIBRE-CEMENT-SHEET-CLA-DOM-NEW,External Walls & Cladding,Fibre-cement sheet cladding,Domestic,New,m²,45.0,45.0,45.0,Fixed,Base substrate/item rate,Joints and sheets assumed complete and dry.,2026-07-17,Yes
PB-EXTERNAL-W-FIBRE-CEMENT-SHEET-CLA-DOM-REP,External Walls & Cladding,Fibre-cement sheet cladding,Domestic,Repaint,m²,55.0,55.0,55.0,Fixed,Base substrate/item rate,Joints and sheets assumed complete and dry.,2026-07-17,Yes
PB-EXTERNAL-W-METAL-WALL-CLADDING-COM-NEW,External Walls & Cladding,Metal wall cladding,Commercial,New,m²,45.0,45.0,45.0,Fixed,Base substrate/item rate,Compatible metal preparation and coating system.,2026-07-17,Yes
PB-EXTERNAL-W-METAL-WALL-CLADDING-COM-REP,External Walls & Cladding,Metal wall cladding,Commercial,Repaint,m²,55.0,55.0,55.0,Fixed,Base substrate/item rate,Compatible metal preparation and coating system.,2026-07-17,Yes
PB-EXTERNAL-W-METAL-WALL-CLADDING-DOM-NEW,External Walls & Cladding,Metal wall cladding,Domestic,New,m²,40.0,40.0,40.0,Fixed,Base substrate/item rate,Compatible metal preparation and coating system.,2026-07-17,Yes
PB-EXTERNAL-W-METAL-WALL-CLADDING-DOM-REP,External Walls & Cladding,Metal wall cladding,Domestic,Repaint,m²,50.0,50.0,50.0,Fixed,Base substrate/item rate,Compatible metal preparation and coating system.,2026-07-17,Yes
PB-EXTERNAL-W-PREVIOUSLY-COATED-COLO-COM-REP,External Walls & Cladding,Previously coated Colorbond cladding,Commercial,Repaint,m²,60.0,60.0,60.0,Fixed,Base substrate/item rate,Repaint only; adhesion testing and correct primer required.,2026-07-17,Yes
PB-EXTERNAL-W-PREVIOUSLY-COATED-COLO-DOM-REP,External Walls & Cladding,Previously coated Colorbond cladding,Domestic,Repaint,m²,55.0,55.0,55.0,Fixed,Base substrate/item rate,Repaint only; adhesion testing and correct primer required.,2026-07-17,Yes
PB-EXTERNAL-W-ROUGH-OR-POROUS-CONCRE-COM-NEW,External Walls & Cladding,Rough or porous concrete,Commercial,New,m²,65.0,65.0,65.0,Fixed,Base substrate/item rate,Allows for higher material usage and profile.,2026-07-17,Yes
PB-EXTERNAL-W-ROUGH-OR-POROUS-CONCRE-COM-REP,External Walls & Cladding,Rough or porous concrete,Commercial,Repaint,m²,72.0,72.0,72.0,Fixed,Base substrate/item rate,Allows for higher material usage and profile.,2026-07-17,Yes
PB-EXTERNAL-W-ROUGH-OR-POROUS-CONCRE-DOM-NEW,External Walls & Cladding,Rough or porous concrete,Domestic,New,m²,55.0,55.0,55.0,Fixed,Base substrate/item rate,Allows for higher material usage and profile.,2026-07-17,Yes
PB-EXTERNAL-W-ROUGH-OR-POROUS-CONCRE-DOM-REP,External Walls & Cladding,Rough or porous concrete,Domestic,Repaint,m²,65.0,65.0,65.0,Fixed,Base substrate/item rate,Allows for higher material usage and profile.,2026-07-17,Yes
PB-EXTERNAL-W-ROUGH-SAWN-TIMBER-COM-NEW,External Walls & Cladding,Rough-sawn timber,Commercial,New,m²,72.0,72.0,72.0,Fixed,Base substrate/item rate,Higher coating consumption and labour.,2026-07-17,Yes
PB-EXTERNAL-W-ROUGH-SAWN-TIMBER-COM-REP,External Walls & Cladding,Rough-sawn timber,Commercial,Repaint,m²,88.0,88.0,88.0,Fixed,Base substrate/item rate,Higher coating consumption and labour.,2026-07-17,Yes
PB-EXTERNAL-W-ROUGH-SAWN-TIMBER-DOM-NEW,External Walls & Cladding,Rough-sawn timber,Domestic,New,m²,65.0,65.0,65.0,Fixed,Base substrate/item rate,Higher coating consumption and labour.,2026-07-17,Yes
PB-EXTERNAL-W-ROUGH-SAWN-TIMBER-DOM-REP,External Walls & Cladding,Rough-sawn timber,Domestic,Repaint,m²,82.0,82.0,82.0,Fixed,Base substrate/item rate,Higher coating consumption and labour.,2026-07-17,Yes
PB-EXTERNAL-W-SMOOTH-FORMED-CONCRETE-COM-NEW,External Walls & Cladding,Smooth formed concrete,Commercial,New,m²,55.0,55.0,55.0,Fixed,Base substrate/item rate,"Includes normal cleaning, primer and finish coats.",2026-07-17,Yes
PB-EXTERNAL-W-SMOOTH-FORMED-CONCRETE-COM-REP,External Walls & Cladding,Smooth formed concrete,Commercial,Repaint,m²,60.0,60.0,60.0,Fixed,Base substrate/item rate,"Includes normal cleaning, primer and finish coats.",2026-07-17,Yes
PB-EXTERNAL-W-SMOOTH-FORMED-CONCRETE-DOM-NEW,External Walls & Cladding,Smooth formed concrete,Domestic,New,m²,48.0,48.0,48.0,Fixed,Base substrate/item rate,"Includes normal cleaning, primer and finish coats.",2026-07-17,Yes
PB-EXTERNAL-W-SMOOTH-FORMED-CONCRETE-DOM-REP,External Walls & Cladding,Smooth formed concrete,Domestic,Repaint,m²,58.0,58.0,58.0,Fixed,Base substrate/item rate,"Includes normal cleaning, primer and finish coats.",2026-07-17,Yes
PB-EXTERNAL-W-SMOOTH-TIMBER-CLADDING-COM-NEW,External Walls & Cladding,Smooth timber cladding,Commercial,New,m²,60.0,60.0,60.0,Fixed,Base substrate/item rate,Sound timber; excludes rot and major stripping.,2026-07-17,Yes
PB-EXTERNAL-W-SMOOTH-TIMBER-CLADDING-COM-REP,External Walls & Cladding,Smooth timber cladding,Commercial,Repaint,m²,75.0,75.0,75.0,Fixed,Base substrate/item rate,Sound timber; excludes rot and major stripping.,2026-07-17,Yes
PB-EXTERNAL-W-SMOOTH-TIMBER-CLADDING-DOM-NEW,External Walls & Cladding,Smooth timber cladding,Domestic,New,m²,55.0,55.0,55.0,Fixed,Base substrate/item rate,Sound timber; excludes rot and major stripping.,2026-07-17,Yes
PB-EXTERNAL-W-SMOOTH-TIMBER-CLADDING-DOM-REP,External Walls & Cladding,Smooth timber cladding,Domestic,Repaint,m²,70.0,70.0,70.0,Fixed,Base substrate/item rate,Sound timber; excludes rot and major stripping.,2026-07-17,Yes
PB-EXTERNAL-W-TILT-PANEL-CONCRETE-COM-NEW,External Walls & Cladding,Tilt-panel concrete,Commercial,New,m²,50.0,50.0,50.0,Fixed,Base substrate/item rate,Commercial only; standard acrylic system.,2026-07-17,Yes
PB-EXTERNAL-W-TILT-PANEL-CONCRETE-COM-REP,External Walls & Cladding,Tilt-panel concrete,Commercial,Repaint,m²,58.0,58.0,58.0,Fixed,Base substrate/item rate,Commercial only; standard acrylic system.,2026-07-17,Yes
PB-EXTERNAL-W-TILT-PANEL-FEATURE-MEM-COM-NEW,External Walls & Cladding,Tilt-panel feature membrane,Commercial,New,m²,68.0,68.0,68.0,Fixed,Base substrate/item rate,Commercial only; high-build feature/membrane coating.,2026-07-17,Yes
PB-EXTERNAL-W-TILT-PANEL-FEATURE-MEM-COM-REP,External Walls & Cladding,Tilt-panel feature membrane,Commercial,Repaint,m²,78.0,78.0,78.0,Fixed,Base substrate/item rate,Commercial only; high-build feature/membrane coating.,2026-07-17,Yes
PB-EXTERNAL-W-TIMBER-WEATHERBOARDS-COM-NEW,External Walls & Cladding,Timber weatherboards,Commercial,New,m²,68.0,68.0,68.0,Fixed,Base substrate/item rate,Allows for laps and additional preparation.,2026-07-17,Yes
PB-EXTERNAL-W-TIMBER-WEATHERBOARDS-COM-REP,External Walls & Cladding,Timber weatherboards,Commercial,Repaint,m²,85.0,85.0,85.0,Fixed,Base substrate/item rate,Allows for laps and additional preparation.,2026-07-17,Yes
PB-EXTERNAL-W-TIMBER-WEATHERBOARDS-DOM-NEW,External Walls & Cladding,Timber weatherboards,Domestic,New,m²,60.0,60.0,60.0,Fixed,Base substrate/item rate,Allows for laps and additional preparation.,2026-07-17,Yes
PB-EXTERNAL-W-TIMBER-WEATHERBOARDS-DOM-REP,External Walls & Cladding,Timber weatherboards,Domestic,Repaint,m²,80.0,80.0,80.0,Fixed,Base substrate/item rate,Allows for laps and additional preparation.,2026-07-17,Yes
PB-FENCES-AND-BOLLARDS-COM-NEW,Fences & Miscellaneous Exterior Work,Bollards,Commercial,New,each,150.0,150.0,150.0,Fixed,Base substrate/item rate,Standard bollard.,2026-07-17,Yes
PB-FENCES-AND-BOLLARDS-COM-REP,Fences & Miscellaneous Exterior Work,Bollards,Commercial,Repaint,each,200.0,200.0,200.0,Fixed,Base substrate/item rate,Standard bollard.,2026-07-17,Yes
PB-FENCES-AND-BOLLARDS-DOM-NEW,Fences & Miscellaneous Exterior Work,Bollards,Domestic,New,each,130.0,130.0,130.0,Fixed,Base substrate/item rate,Standard bollard.,2026-07-17,Yes
PB-FENCES-AND-BOLLARDS-DOM-REP,Fences & Miscellaneous Exterior Work,Bollards,Domestic,Repaint,each,180.0,180.0,180.0,Fixed,Base substrate/item rate,Standard bollard.,2026-07-17,Yes
PB-FENCES-AND-MASONRY-FENCE-COM-NEW,Fences & Miscellaneous Exterior Work,Masonry fence,Commercial,New,m²,55.0,55.0,55.0,Fixed,Base substrate/item rate,Standard masonry coating system.,2026-07-17,Yes
PB-FENCES-AND-MASONRY-FENCE-COM-REP,Fences & Miscellaneous Exterior Work,Masonry fence,Commercial,Repaint,m²,65.0,65.0,65.0,Fixed,Base substrate/item rate,Standard masonry coating system.,2026-07-17,Yes
PB-FENCES-AND-MASONRY-FENCE-DOM-NEW,Fences & Miscellaneous Exterior Work,Masonry fence,Domestic,New,m²,48.0,48.0,48.0,Fixed,Base substrate/item rate,Standard masonry coating system.,2026-07-17,Yes
PB-FENCES-AND-MASONRY-FENCE-DOM-REP,Fences & Miscellaneous Exterior Work,Masonry fence,Domestic,Repaint,m²,60.0,60.0,60.0,Fixed,Base substrate/item rate,Standard masonry coating system.,2026-07-17,Yes
PB-FENCES-AND-RENDERED-FENCE-COM-NEW,Fences & Miscellaneous Exterior Work,Rendered fence,Commercial,New,m²,58.0,58.0,58.0,Fixed,Base substrate/item rate,Sound cured render.,2026-07-17,Yes
PB-FENCES-AND-RENDERED-FENCE-COM-REP,Fences & Miscellaneous Exterior Work,Rendered fence,Commercial,Repaint,m²,68.0,68.0,68.0,Fixed,Base substrate/item rate,Sound cured render.,2026-07-17,Yes
PB-FENCES-AND-RENDERED-FENCE-DOM-NEW,Fences & Miscellaneous Exterior Work,Rendered fence,Domestic,New,m²,50.0,50.0,50.0,Fixed,Base substrate/item rate,Sound cured render.,2026-07-17,Yes
PB-FENCES-AND-RENDERED-FENCE-DOM-REP,Fences & Miscellaneous Exterior Work,Rendered fence,Domestic,Repaint,m²,62.0,62.0,62.0,Fixed,Base substrate/item rate,Sound cured render.,2026-07-17,Yes
PB-FENCES-AND-TIMBER-PALING-FENCE-BO-COM-NEW,Fences & Miscellaneous Exterior Work,"Timber paling fence, both faces",Commercial,New,m²,62.0,62.0,62.0,Fixed,Base substrate/item rate,Both faces.,2026-07-17,Yes
PB-FENCES-AND-TIMBER-PALING-FENCE-BO-COM-REP,Fences & Miscellaneous Exterior Work,"Timber paling fence, both faces",Commercial,Repaint,m²,80.0,80.0,80.0,Fixed,Base substrate/item rate,Both faces.,2026-07-17,Yes
PB-FENCES-AND-TIMBER-PALING-FENCE-BO-DOM-NEW,Fences & Miscellaneous Exterior Work,"Timber paling fence, both faces",Domestic,New,m²,55.0,55.0,55.0,Fixed,Base substrate/item rate,Both faces.,2026-07-17,Yes
PB-FENCES-AND-TIMBER-PALING-FENCE-BO-DOM-REP,Fences & Miscellaneous Exterior Work,"Timber paling fence, both faces",Domestic,Repaint,m²,72.0,72.0,72.0,Fixed,Base substrate/item rate,Both faces.,2026-07-17,Yes
PB-FENCES-AND-TIMBER-PALING-FENCE-ON-COM-NEW,Fences & Miscellaneous Exterior Work,"Timber paling fence, one face",Commercial,New,m²,35.0,35.0,35.0,Fixed,Base substrate/item rate,One face only.,2026-07-17,Yes
PB-FENCES-AND-TIMBER-PALING-FENCE-ON-COM-REP,Fences & Miscellaneous Exterior Work,"Timber paling fence, one face",Commercial,Repaint,m²,45.0,45.0,45.0,Fixed,Base substrate/item rate,One face only.,2026-07-17,Yes
PB-FENCES-AND-TIMBER-PALING-FENCE-ON-DOM-NEW,Fences & Miscellaneous Exterior Work,"Timber paling fence, one face",Domestic,New,m²,30.0,30.0,30.0,Fixed,Base substrate/item rate,One face only.,2026-07-17,Yes
PB-FENCES-AND-TIMBER-PALING-FENCE-ON-DOM-REP,Fences & Miscellaneous Exterior Work,"Timber paling fence, one face",Domestic,Repaint,m²,40.0,40.0,40.0,Fixed,Base substrate/item rate,One face only.,2026-07-17,Yes
PB-FENCES-AND-TIMBER-PERGOLA-COM-NEW,Fences & Miscellaneous Exterior Work,Timber pergola,Commercial,New,m² developed,75.0,75.0,75.0,Fixed,Base substrate/item rate,Developed surface area.,2026-07-17,Yes
PB-FENCES-AND-TIMBER-PERGOLA-COM-REP,Fences & Miscellaneous Exterior Work,Timber pergola,Commercial,Repaint,m² developed,95.0,95.0,95.0,Fixed,Base substrate/item rate,Developed surface area.,2026-07-17,Yes
PB-FENCES-AND-TIMBER-PERGOLA-DOM-NEW,Fences & Miscellaneous Exterior Work,Timber pergola,Domestic,New,m² developed,65.0,65.0,65.0,Fixed,Base substrate/item rate,Developed surface area.,2026-07-17,Yes
PB-FENCES-AND-TIMBER-PERGOLA-DOM-REP,Fences & Miscellaneous Exterior Work,Timber pergola,Domestic,Repaint,m² developed,88.0,88.0,88.0,Fixed,Base substrate/item rate,Developed surface area.,2026-07-17,Yes
PB-FENCES-AND-TIMBER-POSTS-COM-NEW,Fences & Miscellaneous Exterior Work,Timber posts,Commercial,New,lm,30.0,30.0,30.0,Fixed,Base substrate/item rate,Standard posts.,2026-07-17,Yes
PB-FENCES-AND-TIMBER-POSTS-COM-REP,Fences & Miscellaneous Exterior Work,Timber posts,Commercial,Repaint,lm,40.0,40.0,40.0,Fixed,Base substrate/item rate,Standard posts.,2026-07-17,Yes
PB-FENCES-AND-TIMBER-POSTS-DOM-NEW,Fences & Miscellaneous Exterior Work,Timber posts,Domestic,New,lm,26.0,26.0,26.0,Fixed,Base substrate/item rate,Standard posts.,2026-07-17,Yes
PB-FENCES-AND-TIMBER-POSTS-DOM-REP,Fences & Miscellaneous Exterior Work,Timber posts,Domestic,Repaint,lm,36.0,36.0,36.0,Fixed,Base substrate/item rate,Standard posts.,2026-07-17,Yes
PB-FENCES-AND-WHEEL-STOPS-COM-NEW,Fences & Miscellaneous Exterior Work,Wheel stops,Commercial,New,each,90.0,90.0,90.0,Fixed,Base substrate/item rate,Standard wheel stop.,2026-07-17,Yes
PB-FENCES-AND-WHEEL-STOPS-COM-REP,Fences & Miscellaneous Exterior Work,Wheel stops,Commercial,Repaint,each,120.0,120.0,120.0,Fixed,Base substrate/item rate,Standard wheel stop.,2026-07-17,Yes
PB-FENCES-AND-WHEEL-STOPS-DOM-NEW,Fences & Miscellaneous Exterior Work,Wheel stops,Domestic,New,each,80.0,80.0,80.0,Fixed,Base substrate/item rate,Standard wheel stop.,2026-07-17,Yes
PB-FENCES-AND-WHEEL-STOPS-DOM-REP,Fences & Miscellaneous Exterior Work,Wheel stops,Domestic,Repaint,each,105.0,105.0,105.0,Fixed,Base substrate/item rate,Standard wheel stop.,2026-07-17,Yes
PB-INTERNAL-W-CEMENT-RENDER-COM-NEW,Internal Walls & Ceilings,Cement render,Commercial,New,m²,45.0,45.0,45.0,Fixed,Base substrate/item rate,Sound cured render; excludes extensive skim coating and cracks.,2026-07-17,Yes
PB-INTERNAL-W-CEMENT-RENDER-COM-REP,Internal Walls & Ceilings,Cement render,Commercial,Repaint,m²,48.0,48.0,48.0,Fixed,Base substrate/item rate,Sound cured render; excludes extensive skim coating and cracks.,2026-07-17,Yes
PB-INTERNAL-W-CEMENT-RENDER-DOM-NEW,Internal Walls & Ceilings,Cement render,Domestic,New,m²,38.0,38.0,38.0,Fixed,Base substrate/item rate,Sound cured render; excludes extensive skim coating and cracks.,2026-07-17,Yes
PB-INTERNAL-W-CEMENT-RENDER-DOM-REP,Internal Walls & Ceilings,Cement render,Domestic,Repaint,m²,45.0,45.0,45.0,Fixed,Base substrate/item rate,Sound cured render; excludes extensive skim coating and cracks.,2026-07-17,Yes
PB-INTERNAL-W-CONCRETE-BLOCKWORK-COM-NEW,Internal Walls & Ceilings,Concrete blockwork,Commercial,New,m²,52.0,52.0,52.0,Fixed,Base substrate/item rate,Includes suitable masonry sealer/block filler and finish coats.,2026-07-17,Yes
PB-INTERNAL-W-CONCRETE-BLOCKWORK-COM-REP,Internal Walls & Ceilings,Concrete blockwork,Commercial,Repaint,m²,50.0,50.0,50.0,Fixed,Base substrate/item rate,Includes suitable masonry sealer/block filler and finish coats.,2026-07-17,Yes
PB-INTERNAL-W-CONCRETE-BLOCKWORK-DOM-NEW,Internal Walls & Ceilings,Concrete blockwork,Domestic,New,m²,42.0,42.0,42.0,Fixed,Base substrate/item rate,Includes suitable masonry sealer/block filler and finish coats.,2026-07-17,Yes
PB-INTERNAL-W-CONCRETE-BLOCKWORK-DOM-REP,Internal Walls & Ceilings,Concrete blockwork,Domestic,Repaint,m²,48.0,48.0,48.0,Fixed,Base substrate/item rate,Includes suitable masonry sealer/block filler and finish coats.,2026-07-17,Yes
PB-INTERNAL-W-EXPOSED-SERVICE-COMMER-COM-NEW,Internal Walls & Ceilings,Exposed-service commercial ceiling,Commercial,New,m²,55.0,55.0,55.0,Fixed,Base substrate/item rate,Commercial only; final rate depends on service congestion and spray masking.,2026-07-17,Yes
PB-INTERNAL-W-EXPOSED-SERVICE-COMMER-COM-REP,Internal Walls & Ceilings,Exposed-service commercial ceiling,Commercial,Repaint,m²,65.0,65.0,65.0,Fixed,Base substrate/item rate,Commercial only; final rate depends on service congestion and spray masking.,2026-07-17,Yes
PB-INTERNAL-W-FIBRE-CEMENT-CEILINGS-COM-NEW,Internal Walls & Ceilings,Fibre-cement ceilings,Commercial,New,m²,48.0,48.0,48.0,Fixed,Base substrate/item rate,"Includes normal prep, primer/sealer where required and two finish coats.",2026-07-17,Yes
PB-INTERNAL-W-FIBRE-CEMENT-CEILINGS-COM-REP,Internal Walls & Ceilings,Fibre-cement ceilings,Commercial,Repaint,m²,46.0,46.0,46.0,Fixed,Base substrate/item rate,"Includes normal prep, primer/sealer where required and two finish coats.",2026-07-17,Yes
PB-INTERNAL-W-FIBRE-CEMENT-CEILINGS-DOM-NEW,Internal Walls & Ceilings,Fibre-cement ceilings,Domestic,New,m²,38.0,38.0,38.0,Fixed,Base substrate/item rate,"Includes normal prep, primer/sealer where required and two finish coats.",2026-07-17,Yes
PB-INTERNAL-W-FIBRE-CEMENT-CEILINGS-DOM-REP,Internal Walls & Ceilings,Fibre-cement ceilings,Domestic,Repaint,m²,42.0,42.0,42.0,Fixed,Base substrate/item rate,"Includes normal prep, primer/sealer where required and two finish coats.",2026-07-17,Yes
PB-INTERNAL-W-FIBRE-CEMENT-WALLS-COM-NEW,Internal Walls & Ceilings,Fibre-cement walls,Commercial,New,m²,45.0,45.0,45.0,Fixed,Base substrate/item rate,"Includes normal prep, primer/sealer where required and two finish coats.",2026-07-17,Yes
PB-INTERNAL-W-FIBRE-CEMENT-WALLS-COM-REP,Internal Walls & Ceilings,Fibre-cement walls,Commercial,Repaint,m²,44.0,44.0,44.0,Fixed,Base substrate/item rate,"Includes normal prep, primer/sealer where required and two finish coats.",2026-07-17,Yes
PB-INTERNAL-W-FIBRE-CEMENT-WALLS-DOM-NEW,Internal Walls & Ceilings,Fibre-cement walls,Domestic,New,m²,35.0,35.0,35.0,Fixed,Base substrate/item rate,"Includes normal prep, primer/sealer where required and two finish coats.",2026-07-17,Yes
PB-INTERNAL-W-FIBRE-CEMENT-WALLS-DOM-REP,Internal Walls & Ceilings,Fibre-cement walls,Domestic,Repaint,m²,40.0,40.0,40.0,Fixed,Base substrate/item rate,"Includes normal prep, primer/sealer where required and two finish coats.",2026-07-17,Yes
PB-INTERNAL-W-FIRE-RATED-PLASTERBOAR-COM-NEW,Internal Walls & Ceilings,Fire-rated plasterboard walls or ceilings,Commercial,New,m²,42.0,42.0,42.0,Fixed,Base substrate/item rate,Painting only; fire-rated installation and certification by others.,2026-07-17,Yes
PB-INTERNAL-W-FIRE-RATED-PLASTERBOAR-COM-REP,Internal Walls & Ceilings,Fire-rated plasterboard walls or ceilings,Commercial,Repaint,m²,40.0,40.0,40.0,Fixed,Base substrate/item rate,Painting only; fire-rated installation and certification by others.,2026-07-17,Yes
PB-INTERNAL-W-FIRE-RATED-PLASTERBOAR-DOM-NEW,Internal Walls & Ceilings,Fire-rated plasterboard walls or ceilings,Domestic,New,m²,30.0,30.0,30.0,Fixed,Base substrate/item rate,Painting only; fire-rated installation and certification by others.,2026-07-17,Yes
PB-INTERNAL-W-FIRE-RATED-PLASTERBOAR-DOM-REP,Internal Walls & Ceilings,Fire-rated plasterboard walls or ceilings,Domestic,Repaint,m²,35.0,35.0,35.0,Fixed,Base substrate/item rate,Painting only; fire-rated installation and certification by others.,2026-07-17,Yes
PB-INTERNAL-W-INTERNAL-BRICKWORK-COM-NEW,Internal Walls & Ceilings,Internal brickwork,Commercial,New,m²,52.0,52.0,52.0,Fixed,Base substrate/item rate,Includes normal cleaning and masonry coating system.,2026-07-17,Yes
PB-INTERNAL-W-INTERNAL-BRICKWORK-COM-REP,Internal Walls & Ceilings,Internal brickwork,Commercial,Repaint,m²,55.0,55.0,55.0,Fixed,Base substrate/item rate,Includes normal cleaning and masonry coating system.,2026-07-17,Yes
PB-INTERNAL-W-INTERNAL-BRICKWORK-DOM-NEW,Internal Walls & Ceilings,Internal brickwork,Domestic,New,m²,45.0,45.0,45.0,Fixed,Base substrate/item rate,Includes normal cleaning and masonry coating system.,2026-07-17,Yes
PB-INTERNAL-W-INTERNAL-BRICKWORK-DOM-REP,Internal Walls & Ceilings,Internal brickwork,Domestic,Repaint,m²,50.0,50.0,50.0,Fixed,Base substrate/item rate,Includes normal cleaning and masonry coating system.,2026-07-17,Yes
PB-INTERNAL-W-LEVEL-5-PLASTERBOARD-F-COM-NEW,Internal Walls & Ceilings,Level 5 plasterboard finish,Commercial,New,m²,52.0,52.0,52.0,Fixed,Base substrate/item rate,Critical-light finish; assumes Level 5 substrate complete and ready.,2026-07-17,Yes
PB-INTERNAL-W-LEVEL-5-PLASTERBOARD-F-COM-REP,Internal Walls & Ceilings,Level 5 plasterboard finish,Commercial,Repaint,m²,50.0,50.0,50.0,Fixed,Base substrate/item rate,Critical-light finish; assumes Level 5 substrate complete and ready.,2026-07-17,Yes
PB-INTERNAL-W-LEVEL-5-PLASTERBOARD-F-DOM-NEW,Internal Walls & Ceilings,Level 5 plasterboard finish,Domestic,New,m²,42.0,42.0,42.0,Fixed,Base substrate/item rate,Critical-light finish; assumes Level 5 substrate complete and ready.,2026-07-17,Yes
PB-INTERNAL-W-LEVEL-5-PLASTERBOARD-F-DOM-REP,Internal Walls & Ceilings,Level 5 plasterboard finish,Domestic,Repaint,m²,46.0,46.0,46.0,Fixed,Base substrate/item rate,Critical-light finish; assumes Level 5 substrate complete and ready.,2026-07-17,Yes
PB-INTERNAL-W-PREVIOUSLY-PAINTED-ACO-COM-REP,Internal Walls & Ceilings,Previously painted acoustic ceiling tiles,Commercial,Repaint,m²,55.0,55.0,55.0,Fixed,Base substrate/item rate,Repaint only; verify tile compatibility and condition.,2026-07-17,Yes
PB-INTERNAL-W-PREVIOUSLY-PAINTED-ACO-DOM-REP,Internal Walls & Ceilings,Previously painted acoustic ceiling tiles,Domestic,Repaint,m²,48.0,48.0,48.0,Fixed,Base substrate/item rate,Repaint only; verify tile compatibility and condition.,2026-07-17,Yes
PB-INTERNAL-W-ROUGH-OR-POROUS-CONCRE-COM-NEW,Internal Walls & Ceilings,Rough or porous concrete,Commercial,New,m²,55.0,55.0,55.0,Fixed,Base substrate/item rate,Allows additional material and labour for porosity/profile.,2026-07-17,Yes
PB-INTERNAL-W-ROUGH-OR-POROUS-CONCRE-COM-REP,Internal Walls & Ceilings,Rough or porous concrete,Commercial,Repaint,m²,58.0,58.0,58.0,Fixed,Base substrate/item rate,Allows additional material and labour for porosity/profile.,2026-07-17,Yes
PB-INTERNAL-W-ROUGH-OR-POROUS-CONCRE-DOM-NEW,Internal Walls & Ceilings,Rough or porous concrete,Domestic,New,m²,45.0,45.0,45.0,Fixed,Base substrate/item rate,Allows additional material and labour for porosity/profile.,2026-07-17,Yes
PB-INTERNAL-W-ROUGH-OR-POROUS-CONCRE-DOM-REP,Internal Walls & Ceilings,Rough or porous concrete,Domestic,Repaint,m²,52.0,52.0,52.0,Fixed,Base substrate/item rate,Allows additional material and labour for porosity/profile.,2026-07-17,Yes
PB-INTERNAL-W-SMOOTH-CONCRETE-WALLS-COM-NEW,Internal Walls & Ceilings,Smooth concrete walls,Commercial,New,m²,44.0,44.0,44.0,Fixed,Base substrate/item rate,"Sound concrete; excludes major grinding, contamination and repairs.",2026-07-17,Yes
PB-INTERNAL-W-SMOOTH-CONCRETE-WALLS-COM-REP,Internal Walls & Ceilings,Smooth concrete walls,Commercial,Repaint,m²,45.0,45.0,45.0,Fixed,Base substrate/item rate,"Sound concrete; excludes major grinding, contamination and repairs.",2026-07-17,Yes
PB-INTERNAL-W-SMOOTH-CONCRETE-WALLS-DOM-NEW,Internal Walls & Ceilings,Smooth concrete walls,Domestic,New,m²,36.0,36.0,36.0,Fixed,Base substrate/item rate,"Sound concrete; excludes major grinding, contamination and repairs.",2026-07-17,Yes
PB-INTERNAL-W-SMOOTH-CONCRETE-WALLS-DOM-REP,Internal Walls & Ceilings,Smooth concrete walls,Domestic,Repaint,m²,42.0,42.0,42.0,Fixed,Base substrate/item rate,"Sound concrete; excludes major grinding, contamination and repairs.",2026-07-17,Yes
PB-INTERNAL-W-STANDARD-PLASTERBOARD--COM-NEW,Internal Walls & Ceilings,Standard plasterboard ceilings,Commercial,New,m²,35.0,35.0,35.0,Fixed,Base substrate/item rate,Actual paintable surface area; standard access.,2026-07-17,Yes
PB-INTERNAL-W-STANDARD-PLASTERBOARD--COM-REP,Internal Walls & Ceilings,Standard plasterboard ceilings,Commercial,Repaint,m²,34.0,34.0,34.0,Fixed,Base substrate/item rate,Actual paintable surface area; standard access.,2026-07-17,Yes
PB-INTERNAL-W-STANDARD-PLASTERBOARD--DOM-NEW,Internal Walls & Ceilings,Standard plasterboard ceilings,Domestic,New,m²,25.0,25.0,25.0,Fixed,Base substrate/item rate,Actual paintable surface area; standard access.,2026-07-17,Yes
PB-INTERNAL-W-STANDARD-PLASTERBOARD--DOM-REP,Internal Walls & Ceilings,Standard plasterboard ceilings,Domestic,Repaint,m²,30.0,30.0,30.0,Fixed,Base substrate/item rate,Actual paintable surface area; standard access.,2026-07-17,Yes
PB-INTERNAL-W-STANDARD-PLASTERBOARD--COM-NEW,Internal Walls & Ceilings,Standard plasterboard walls,Commercial,New,m²,38.0,38.0,38.0,Fixed,Base substrate/item rate,Actual paintable surface area; standard access and colours.,2026-07-17,Yes
PB-INTERNAL-W-STANDARD-PLASTERBOARD--COM-REP,Internal Walls & Ceilings,Standard plasterboard walls,Commercial,Repaint,m²,36.0,36.0,36.0,Fixed,Base substrate/item rate,Actual paintable surface area; standard access and colours.,2026-07-17,Yes
PB-INTERNAL-W-STANDARD-PLASTERBOARD--DOM-NEW,Internal Walls & Ceilings,Standard plasterboard walls,Domestic,New,m²,28.0,28.0,28.0,Fixed,Base substrate/item rate,Actual paintable surface area; standard access and colours.,2026-07-17,Yes
PB-INTERNAL-W-STANDARD-PLASTERBOARD--DOM-REP,Internal Walls & Ceilings,Standard plasterboard walls,Domestic,Repaint,m²,32.0,32.0,32.0,Fixed,Base substrate/item rate,Actual paintable surface area; standard access and colours.,2026-07-17,Yes
PB-INTERNAL-W-TEXTURED-PLASTER-OR-MA-COM-NEW,Internal Walls & Ceilings,Textured plaster or masonry,Commercial,New,m²,52.0,52.0,52.0,Fixed,Base substrate/item rate,Rate allows for textured profile and additional cutting.,2026-07-17,Yes
PB-INTERNAL-W-TEXTURED-PLASTER-OR-MA-COM-REP,Internal Walls & Ceilings,Textured plaster or masonry,Commercial,Repaint,m²,58.0,58.0,58.0,Fixed,Base substrate/item rate,Rate allows for textured profile and additional cutting.,2026-07-17,Yes
PB-INTERNAL-W-TEXTURED-PLASTER-OR-MA-DOM-NEW,Internal Walls & Ceilings,Textured plaster or masonry,Domestic,New,m²,45.0,45.0,45.0,Fixed,Base substrate/item rate,Rate allows for textured profile and additional cutting.,2026-07-17,Yes
PB-INTERNAL-W-TEXTURED-PLASTER-OR-MA-DOM-REP,Internal Walls & Ceilings,Textured plaster or masonry,Domestic,Repaint,m²,52.0,52.0,52.0,Fixed,Base substrate/item rate,Rate allows for textured profile and additional cutting.,2026-07-17,Yes
PB-METALWORK--COMPLEX-STEEL-WITH-BOL-COM-NEW,Metalwork & Structural Steel,Complex steel with bolts and cleats,Commercial,New,m² developed,145.0,145.0,145.0,Fixed,Base substrate/item rate,"Allows for connections, edges and stripe coating.",2026-07-17,Yes
PB-METALWORK--COMPLEX-STEEL-WITH-BOL-COM-REP,Metalwork & Structural Steel,Complex steel with bolts and cleats,Commercial,Repaint,m² developed,185.0,185.0,185.0,Fixed,Base substrate/item rate,"Allows for connections, edges and stripe coating.",2026-07-17,Yes
PB-METALWORK--COMPLEX-STEEL-WITH-BOL-DOM-NEW,Metalwork & Structural Steel,Complex steel with bolts and cleats,Domestic,New,m² developed,120.0,120.0,120.0,Fixed,Base substrate/item rate,"Allows for connections, edges and stripe coating.",2026-07-17,Yes
PB-METALWORK--COMPLEX-STEEL-WITH-BOL-DOM-REP,Metalwork & Structural Steel,Complex steel with bolts and cleats,Domestic,Repaint,m² developed,155.0,155.0,155.0,Fixed,Base substrate/item rate,"Allows for connections, edges and stripe coating.",2026-07-17,Yes
PB-METALWORK--DETAILED-BALUSTRADES-COM-NEW,Metalwork & Structural Steel,Detailed balustrades,Commercial,New,lm,130.0,130.0,130.0,Fixed,Base substrate/item rate,Allows for detailed rails and uprights.,2026-07-17,Yes
PB-METALWORK--DETAILED-BALUSTRADES-COM-REP,Metalwork & Structural Steel,Detailed balustrades,Commercial,Repaint,lm,175.0,175.0,175.0,Fixed,Base substrate/item rate,Allows for detailed rails and uprights.,2026-07-17,Yes
PB-METALWORK--DETAILED-BALUSTRADES-DOM-NEW,Metalwork & Structural Steel,Detailed balustrades,Domestic,New,lm,115.0,115.0,115.0,Fixed,Base substrate/item rate,Allows for detailed rails and uprights.,2026-07-17,Yes
PB-METALWORK--DETAILED-BALUSTRADES-DOM-REP,Metalwork & Structural Steel,Detailed balustrades,Domestic,Repaint,lm,160.0,160.0,160.0,Fixed,Base substrate/item rate,Allows for detailed rails and uprights.,2026-07-17,Yes
PB-METALWORK--GALVANISED-STEEL-OR-FR-COM-NEW,Metalwork & Structural Steel,Galvanised steel or frames,Commercial,New,m² developed,110.0,110.0,110.0,Fixed,Base substrate/item rate,"Includes degreasing, abrasion and compatible primer.",2026-07-17,Yes
PB-METALWORK--GALVANISED-STEEL-OR-FR-COM-REP,Metalwork & Structural Steel,Galvanised steel or frames,Commercial,Repaint,m² developed,135.0,135.0,135.0,Fixed,Base substrate/item rate,"Includes degreasing, abrasion and compatible primer.",2026-07-17,Yes
PB-METALWORK--GALVANISED-STEEL-OR-FR-DOM-NEW,Metalwork & Structural Steel,Galvanised steel or frames,Domestic,New,m² developed,95.0,95.0,95.0,Fixed,Base substrate/item rate,"Includes degreasing, abrasion and compatible primer.",2026-07-17,Yes
PB-METALWORK--GALVANISED-STEEL-OR-FR-DOM-REP,Metalwork & Structural Steel,Galvanised steel or frames,Domestic,Repaint,m² developed,120.0,120.0,120.0,Fixed,Base substrate/item rate,"Includes degreasing, abrasion and compatible primer.",2026-07-17,Yes
PB-METALWORK--METAL-FENCING-ONE-SIDE-COM-NEW,Metalwork & Structural Steel,"Metal fencing, one side",Commercial,New,m²,48.0,48.0,48.0,Fixed,Base substrate/item rate,One paintable face.,2026-07-17,Yes
PB-METALWORK--METAL-FENCING-ONE-SIDE-COM-REP,Metalwork & Structural Steel,"Metal fencing, one side",Commercial,Repaint,m²,62.0,62.0,62.0,Fixed,Base substrate/item rate,One paintable face.,2026-07-17,Yes
PB-METALWORK--METAL-FENCING-ONE-SIDE-DOM-NEW,Metalwork & Structural Steel,"Metal fencing, one side",Domestic,New,m²,42.0,42.0,42.0,Fixed,Base substrate/item rate,One paintable face.,2026-07-17,Yes
PB-METALWORK--METAL-FENCING-ONE-SIDE-DOM-REP,Metalwork & Structural Steel,"Metal fencing, one side",Domestic,Repaint,m²,55.0,55.0,55.0,Fixed,Base substrate/item rate,One paintable face.,2026-07-17,Yes
PB-METALWORK--METAL-HANDRAILS-COM-NEW,Metalwork & Structural Steel,Metal handrails,Commercial,New,lm,90.0,90.0,90.0,Fixed,Base substrate/item rate,Includes normal preparation and coating.,2026-07-17,Yes
PB-METALWORK--METAL-HANDRAILS-COM-REP,Metalwork & Structural Steel,Metal handrails,Commercial,Repaint,lm,120.0,120.0,120.0,Fixed,Base substrate/item rate,Includes normal preparation and coating.,2026-07-17,Yes
PB-METALWORK--METAL-HANDRAILS-DOM-NEW,Metalwork & Structural Steel,Metal handrails,Domestic,New,lm,80.0,80.0,80.0,Fixed,Base substrate/item rate,Includes normal preparation and coating.,2026-07-17,Yes
PB-METALWORK--METAL-HANDRAILS-DOM-REP,Metalwork & Structural Steel,Metal handrails,Domestic,Repaint,lm,110.0,110.0,110.0,Fixed,Base substrate/item rate,Includes normal preparation and coating.,2026-07-17,Yes
PB-METALWORK--METAL-STAIRS-EXCLUDING-COM-NEW,Metalwork & Structural Steel,"Metal stairs, excluding treads",Commercial,New,m² developed,130.0,130.0,130.0,Fixed,Base substrate/item rate,"Stringers, risers and framing; treads priced separately.",2026-07-17,Yes
PB-METALWORK--METAL-STAIRS-EXCLUDING-COM-REP,Metalwork & Structural Steel,"Metal stairs, excluding treads",Commercial,Repaint,m² developed,175.0,175.0,175.0,Fixed,Base substrate/item rate,"Stringers, risers and framing; treads priced separately.",2026-07-17,Yes
PB-METALWORK--METAL-STAIRS-EXCLUDING-DOM-NEW,Metalwork & Structural Steel,"Metal stairs, excluding treads",Domestic,New,m² developed,110.0,110.0,110.0,Fixed,Base substrate/item rate,"Stringers, risers and framing; treads priced separately.",2026-07-17,Yes
PB-METALWORK--METAL-STAIRS-EXCLUDING-DOM-REP,Metalwork & Structural Steel,"Metal stairs, excluding treads",Domestic,Repaint,m² developed,155.0,155.0,155.0,Fixed,Base substrate/item rate,"Stringers, risers and framing; treads priced separately.",2026-07-17,Yes
PB-METALWORK--MILD-STEEL-FRAMES-COM-NEW,Metalwork & Structural Steel,Mild-steel frames,Commercial,New,m² developed,95.0,95.0,95.0,Fixed,Base substrate/item rate,Measure all accessible developed surfaces.,2026-07-17,Yes
PB-METALWORK--MILD-STEEL-FRAMES-COM-REP,Metalwork & Structural Steel,Mild-steel frames,Commercial,Repaint,m² developed,120.0,120.0,120.0,Fixed,Base substrate/item rate,Measure all accessible developed surfaces.,2026-07-17,Yes
PB-METALWORK--MILD-STEEL-FRAMES-DOM-NEW,Metalwork & Structural Steel,Mild-steel frames,Domestic,New,m² developed,80.0,80.0,80.0,Fixed,Base substrate/item rate,Measure all accessible developed surfaces.,2026-07-17,Yes
PB-METALWORK--MILD-STEEL-FRAMES-DOM-REP,Metalwork & Structural Steel,Mild-steel frames,Domestic,Repaint,m² developed,105.0,105.0,105.0,Fixed,Base substrate/item rate,Measure all accessible developed surfaces.,2026-07-17,Yes
PB-METALWORK--STEEL-COLUMNS-OR-POSTS-COM-NEW,Metalwork & Structural Steel,Steel columns or posts,Commercial,New,lm,45.0,45.0,45.0,Fixed,Base substrate/item rate,Standard section; size-dependent.,2026-07-17,Yes
PB-METALWORK--STEEL-COLUMNS-OR-POSTS-COM-REP,Metalwork & Structural Steel,Steel columns or posts,Commercial,Repaint,lm,60.0,60.0,60.0,Fixed,Base substrate/item rate,Standard section; size-dependent.,2026-07-17,Yes
PB-METALWORK--STEEL-COLUMNS-OR-POSTS-DOM-NEW,Metalwork & Structural Steel,Steel columns or posts,Domestic,New,lm,38.0,38.0,38.0,Fixed,Base substrate/item rate,Standard section; size-dependent.,2026-07-17,Yes
PB-METALWORK--STEEL-COLUMNS-OR-POSTS-DOM-REP,Metalwork & Structural Steel,Steel columns or posts,Domestic,Repaint,lm,52.0,52.0,52.0,Fixed,Base substrate/item rate,Standard section; size-dependent.,2026-07-17,Yes
PB-METALWORK--STRUCTURAL-STEEL-WITH--COM-NEW,Metalwork & Structural Steel,Structural steel with epoxy system,Commercial,New,m² developed,125.0,125.0,125.0,Fixed,Base substrate/item rate,Commercial protective coating system.,2026-07-17,Yes
PB-METALWORK--STRUCTURAL-STEEL-WITH--COM-REP,Metalwork & Structural Steel,Structural steel with epoxy system,Commercial,Repaint,m² developed,160.0,160.0,160.0,Fixed,Base substrate/item rate,Commercial protective coating system.,2026-07-17,Yes
PB-POWER-CLEAR-CONCRETE-SEALER-TWO-COAT,Power Station / High Security Industrial,"Clear concrete sealer, two coats",Power Station / High Security,Base Rate,m²,52.0,52.0,52.0,Fixed,Dedicated controlled-site rate,"Sound concrete; contamination, grinding and repairs extra.",2026-07-17,Yes
PB-POWER-EXTERNAL-CONCRETE-WALLS,Power Station / High Security Industrial,External concrete walls,Power Station / High Security,Base Rate,m²,72.0,72.0,72.0,Fixed,Dedicated controlled-site rate,Primer/sealer plus two premium exterior coats.,2026-07-17,Yes
PB-POWER-EXTERNAL-FIBRE-CEMENT-SOFFITS,Power Station / High Security Industrial,External fibre-cement soffits,Power Station / High Security,Base Rate,m²,68.0,68.0,68.0,Fixed,Dedicated controlled-site rate,Standard access; high-level access extra.,2026-07-17,Yes
PB-POWER-EXTERNAL-RENDERED-WALLS,Power Station / High Security Industrial,External rendered walls,Power Station / High Security,Base Rate,m²,72.0,72.0,72.0,Fixed,Dedicated controlled-site rate,Premium exterior system.,2026-07-17,Yes
PB-POWER-EXTERNAL-SLIP-RESISTANT-STAIR-,Power Station / High Security Industrial,External slip-resistant stair treads and landings,Power Station / High Security,Base Rate,m²,170.0,170.0,170.0,Fixed,Dedicated controlled-site rate,UV-stable slip-resistant protective coating system.,2026-07-17,Yes
PB-POWER-FIRE-RATED-PLASTERBOARD-CEILIN,Power Station / High Security Industrial,Fire-rated plasterboard ceilings,Power Station / High Security,Base Rate,m²,58.0,58.0,58.0,Fixed,Dedicated controlled-site rate,Painting only; fire-rated installation and certification by others.,2026-07-17,Yes
PB-POWER-GALVANISED-METAL-FRAMES,Power Station / High Security Industrial,Galvanised metal frames,Power Station / High Security,Base Rate,m² developed,135.0,135.0,135.0,Fixed,Dedicated controlled-site rate,"Degrease, abrade, prime and finish; developed area.",2026-07-17,Yes
PB-POWER-HEAVILY-SERVICED-PLASTERBOARD-,Power Station / High Security Industrial,Heavily serviced plasterboard ceilings,Power Station / High Security,Base Rate,m²,70.0,70.0,70.0,Fixed,Dedicated controlled-site rate,"Numerous services, penetrations and detailed cutting.",2026-07-17,Yes
PB-POWER-HIGH-LEVEL-FIBRE-CEMENT-CEILIN,Power Station / High Security Industrial,High-level fibre-cement ceilings or heavily serviced areas,Power Station / High Security,Base Rate,m²,80.0,80.0,80.0,Fixed,Dedicated controlled-site rate,High access or heavily serviced.,2026-07-17,Yes
PB-POWER-INTERNAL-CONCRETE-BLOCKWORK,Power Station / High Security Industrial,Internal concrete blockwork,Power Station / High Security,Base Rate,m²,68.0,68.0,68.0,Fixed,Dedicated controlled-site rate,Suitable masonry sealer/block filler plus two finish coats.,2026-07-17,Yes
PB-POWER-INTERNAL-FIBRE-CEMENT-CEILINGS,Power Station / High Security Industrial,Internal fibre-cement ceilings,Power Station / High Security,Base Rate,m²,62.0,62.0,62.0,Fixed,Dedicated controlled-site rate,Preparation/sealer plus two finish coats.,2026-07-17,Yes
PB-POWER-INTERNAL-PLASTERBOARD-WALLS,Power Station / High Security Industrial,Internal plasterboard walls,Power Station / High Security,Base Rate,m²,55.0,55.0,55.0,Fixed,Dedicated controlled-site rate,Full plasterboard primer/sealer plus two finish coats.,2026-07-17,Yes
PB-POWER-INTERNAL-RENDERED-WALLS,Power Station / High Security Industrial,Internal rendered walls,Power Station / High Security,Base Rate,m²,60.0,60.0,60.0,Fixed,Dedicated controlled-site rate,Sealer plus two acrylic coats.,2026-07-17,Yes
PB-POWER-INTERNAL-SMOOTH-CONCRETE-WALLS,Power Station / High Security Industrial,Internal smooth concrete walls,Power Station / High Security,Base Rate,m²,55.0,55.0,55.0,Fixed,Dedicated controlled-site rate,Primer/sealer plus two finish coats.,2026-07-17,Yes
PB-POWER-LUXAFLOOR-LGE-P4-EPOXY-FLOORIN,Power Station / High Security Industrial,Luxafloor LGE P4 epoxy flooring,Power Station / High Security,Base Rate,m²,120.0,120.0,120.0,Fixed,Dedicated controlled-site rate,Mechanical preparation and P4 aggregate system.,2026-07-17,Yes
PB-POWER-SC-MC-METAL-CLAD-SINGLE-DOOR-A,Power Station / High Security Industrial,SC–MC metal-clad single door and steel frame,Power Station / High Security,Base Rate,set,780.0,780.0,780.0,Fixed,Dedicated controlled-site rate,"Complete single door set; both faces, edges and frame.",2026-07-17,Yes
PB-POWER-UPVC-DOWNPIPES,Power Station / High Security Industrial,uPVC downpipes,Power Station / High Security,Base Rate,lm,52.0,52.0,52.0,Fixed,Dedicated controlled-site rate,"Clean, abrade, prime where required and apply finish coats.",2026-07-17,Yes
PB-ROOFS-AND--CONCRETE-BALCONY-COATI-COM-NEW,Roofs & External Horizontal Surfaces,Concrete balcony coating,Commercial,New,m²,75.0,75.0,75.0,Fixed,Base substrate/item rate,Standard protective floor coating.,2026-07-17,Yes
PB-ROOFS-AND--CONCRETE-BALCONY-COATI-COM-REP,Roofs & External Horizontal Surfaces,Concrete balcony coating,Commercial,Repaint,m²,95.0,95.0,95.0,Fixed,Base substrate/item rate,Standard protective floor coating.,2026-07-17,Yes
PB-ROOFS-AND--CONCRETE-BALCONY-COATI-DOM-NEW,Roofs & External Horizontal Surfaces,Concrete balcony coating,Domestic,New,m²,65.0,65.0,65.0,Fixed,Base substrate/item rate,Standard protective floor coating.,2026-07-17,Yes
PB-ROOFS-AND--CONCRETE-BALCONY-COATI-DOM-REP,Roofs & External Horizontal Surfaces,Concrete balcony coating,Domestic,Repaint,m²,85.0,85.0,85.0,Fixed,Base substrate/item rate,Standard protective floor coating.,2026-07-17,Yes
PB-ROOFS-AND--CONCRETE-ROOF-TILES-COM-NEW,Roofs & External Horizontal Surfaces,Concrete roof tiles,Commercial,New,m²,50.0,50.0,50.0,Fixed,Base substrate/item rate,Excludes tile replacement and major roof repairs.,2026-07-17,Yes
PB-ROOFS-AND--CONCRETE-ROOF-TILES-COM-REP,Roofs & External Horizontal Surfaces,Concrete roof tiles,Commercial,Repaint,m²,60.0,60.0,60.0,Fixed,Base substrate/item rate,Excludes tile replacement and major roof repairs.,2026-07-17,Yes
PB-ROOFS-AND--CONCRETE-ROOF-TILES-DOM-NEW,Roofs & External Horizontal Surfaces,Concrete roof tiles,Domestic,New,m²,45.0,45.0,45.0,Fixed,Base substrate/item rate,Excludes tile replacement and major roof repairs.,2026-07-17,Yes
PB-ROOFS-AND--CONCRETE-ROOF-TILES-DOM-REP,Roofs & External Horizontal Surfaces,Concrete roof tiles,Domestic,Repaint,m²,55.0,55.0,55.0,Fixed,Base substrate/item rate,Excludes tile replacement and major roof repairs.,2026-07-17,Yes
PB-ROOFS-AND--METAL-ROOF-COATING-COM-NEW,Roofs & External Horizontal Surfaces,Metal roof coating,Commercial,New,m²,45.0,45.0,45.0,Fixed,Base substrate/item rate,"Excludes edge protection, repairs and screw replacement.",2026-07-17,Yes
PB-ROOFS-AND--METAL-ROOF-COATING-COM-REP,Roofs & External Horizontal Surfaces,Metal roof coating,Commercial,Repaint,m²,55.0,55.0,55.0,Fixed,Base substrate/item rate,"Excludes edge protection, repairs and screw replacement.",2026-07-17,Yes
PB-ROOFS-AND--METAL-ROOF-COATING-DOM-NEW,Roofs & External Horizontal Surfaces,Metal roof coating,Domestic,New,m²,40.0,40.0,40.0,Fixed,Base substrate/item rate,"Excludes edge protection, repairs and screw replacement.",2026-07-17,Yes
PB-ROOFS-AND--METAL-ROOF-COATING-DOM-REP,Roofs & External Horizontal Surfaces,Metal roof coating,Domestic,Repaint,m²,50.0,50.0,50.0,Fixed,Base substrate/item rate,"Excludes edge protection, repairs and screw replacement.",2026-07-17,Yes
PB-ROOFS-AND--PAINTED-TIMBER-DECK-COM-NEW,Roofs & External Horizontal Surfaces,Painted timber deck,Commercial,New,m²,55.0,55.0,55.0,Fixed,Base substrate/item rate,Excludes major stripping and timber repairs.,2026-07-17,Yes
PB-ROOFS-AND--PAINTED-TIMBER-DECK-COM-REP,Roofs & External Horizontal Surfaces,Painted timber deck,Commercial,Repaint,m²,70.0,70.0,70.0,Fixed,Base substrate/item rate,Excludes major stripping and timber repairs.,2026-07-17,Yes
PB-ROOFS-AND--PAINTED-TIMBER-DECK-DOM-NEW,Roofs & External Horizontal Surfaces,Painted timber deck,Domestic,New,m²,50.0,50.0,50.0,Fixed,Base substrate/item rate,Excludes major stripping and timber repairs.,2026-07-17,Yes
PB-ROOFS-AND--PAINTED-TIMBER-DECK-DOM-REP,Roofs & External Horizontal Surfaces,Painted timber deck,Domestic,Repaint,m²,65.0,65.0,65.0,Fixed,Base substrate/item rate,Excludes major stripping and timber repairs.,2026-07-17,Yes
PB-ROOFS-AND--SLIP-RESISTANT-STAIR-T-COM-NEW,Roofs & External Horizontal Surfaces,Slip-resistant stair treads and landings,Commercial,New,m²,140.0,140.0,140.0,Fixed,Base substrate/item rate,Mechanically prepared slip-resistant system.,2026-07-17,Yes
PB-ROOFS-AND--SLIP-RESISTANT-STAIR-T-COM-REP,Roofs & External Horizontal Surfaces,Slip-resistant stair treads and landings,Commercial,Repaint,m²,175.0,175.0,175.0,Fixed,Base substrate/item rate,Mechanically prepared slip-resistant system.,2026-07-17,Yes
PB-ROOFS-AND--SLIP-RESISTANT-STAIR-T-DOM-NEW,Roofs & External Horizontal Surfaces,Slip-resistant stair treads and landings,Domestic,New,m²,125.0,125.0,125.0,Fixed,Base substrate/item rate,Mechanically prepared slip-resistant system.,2026-07-17,Yes
PB-ROOFS-AND--SLIP-RESISTANT-STAIR-T-DOM-REP,Roofs & External Horizontal Surfaces,Slip-resistant stair treads and landings,Domestic,Repaint,m²,160.0,160.0,160.0,Fixed,Base substrate/item rate,Mechanically prepared slip-resistant system.,2026-07-17,Yes
PB-ROOFS-AND--STAIR-NOSING-OR-CONTRA-COM-NEW,Roofs & External Horizontal Surfaces,Stair nosing or contrasting strip,Commercial,New,lm,35.0,35.0,35.0,Fixed,Base substrate/item rate,Per lineal metre.,2026-07-17,Yes
PB-ROOFS-AND--STAIR-NOSING-OR-CONTRA-COM-REP,Roofs & External Horizontal Surfaces,Stair nosing or contrasting strip,Commercial,Repaint,lm,45.0,45.0,45.0,Fixed,Base substrate/item rate,Per lineal metre.,2026-07-17,Yes
PB-ROOFS-AND--STAIR-NOSING-OR-CONTRA-DOM-NEW,Roofs & External Horizontal Surfaces,Stair nosing or contrasting strip,Domestic,New,lm,30.0,30.0,30.0,Fixed,Base substrate/item rate,Per lineal metre.,2026-07-17,Yes
PB-ROOFS-AND--STAIR-NOSING-OR-CONTRA-DOM-REP,Roofs & External Horizontal Surfaces,Stair nosing or contrasting strip,Domestic,Repaint,lm,40.0,40.0,40.0,Fixed,Base substrate/item rate,Per lineal metre.,2026-07-17,Yes
PB-ROOFS-AND--TIMBER-DECK-OIL-OR-STA-COM-NEW,Roofs & External Horizontal Surfaces,Timber deck oil or stain,Commercial,New,m²,45.0,45.0,45.0,Fixed,Base substrate/item rate,Normal cleaning and preparation.,2026-07-17,Yes
PB-ROOFS-AND--TIMBER-DECK-OIL-OR-STA-COM-REP,Roofs & External Horizontal Surfaces,Timber deck oil or stain,Commercial,Repaint,m²,60.0,60.0,60.0,Fixed,Base substrate/item rate,Normal cleaning and preparation.,2026-07-17,Yes
PB-ROOFS-AND--TIMBER-DECK-OIL-OR-STA-DOM-NEW,Roofs & External Horizontal Surfaces,Timber deck oil or stain,Domestic,New,m²,40.0,40.0,40.0,Fixed,Base substrate/item rate,Normal cleaning and preparation.,2026-07-17,Yes
PB-ROOFS-AND--TIMBER-DECK-OIL-OR-STA-DOM-REP,Roofs & External Horizontal Surfaces,Timber deck oil or stain,Domestic,Repaint,m²,55.0,55.0,55.0,Fixed,Base substrate/item rate,Normal cleaning and preparation.,2026-07-17,Yes
PB-SOFFITS-EA-DOWNPIPE-BENDS-SHOES-O-COM-NEW,"Soffits, Eaves, Fascia, Gutters & Downpipes","Downpipe bends, shoes or offsets",Commercial,New,each,25.0,25.0,25.0,Fixed,Base substrate/item rate,Per fitting.,2026-07-17,Yes
PB-SOFFITS-EA-DOWNPIPE-BENDS-SHOES-O-COM-REP,"Soffits, Eaves, Fascia, Gutters & Downpipes","Downpipe bends, shoes or offsets",Commercial,Repaint,each,35.0,35.0,35.0,Fixed,Base substrate/item rate,Per fitting.,2026-07-17,Yes
PB-SOFFITS-EA-DOWNPIPE-BENDS-SHOES-O-DOM-NEW,"Soffits, Eaves, Fascia, Gutters & Downpipes","Downpipe bends, shoes or offsets",Domestic,New,each,22.0,22.0,22.0,Fixed,Base substrate/item rate,Per fitting.,2026-07-17,Yes
PB-SOFFITS-EA-DOWNPIPE-BENDS-SHOES-O-DOM-REP,"Soffits, Eaves, Fascia, Gutters & Downpipes","Downpipe bends, shoes or offsets",Domestic,Repaint,each,30.0,30.0,30.0,Fixed,Base substrate/item rate,Per fitting.,2026-07-17,Yes
PB-SOFFITS-EA-FIBRE-CEMENT-SOFFIT-COM-NEW,"Soffits, Eaves, Fascia, Gutters & Downpipes",Fibre-cement soffit,Commercial,New,m²,55.0,55.0,55.0,Fixed,Base substrate/item rate,Standard access; high-level access extra.,2026-07-17,Yes
PB-SOFFITS-EA-FIBRE-CEMENT-SOFFIT-COM-REP,"Soffits, Eaves, Fascia, Gutters & Downpipes",Fibre-cement soffit,Commercial,Repaint,m²,60.0,60.0,60.0,Fixed,Base substrate/item rate,Standard access; high-level access extra.,2026-07-17,Yes
PB-SOFFITS-EA-FIBRE-CEMENT-SOFFIT-DOM-NEW,"Soffits, Eaves, Fascia, Gutters & Downpipes",Fibre-cement soffit,Domestic,New,m²,45.0,45.0,45.0,Fixed,Base substrate/item rate,Standard access; high-level access extra.,2026-07-17,Yes
PB-SOFFITS-EA-FIBRE-CEMENT-SOFFIT-DOM-REP,"Soffits, Eaves, Fascia, Gutters & Downpipes",Fibre-cement soffit,Domestic,Repaint,m²,55.0,55.0,55.0,Fixed,Base substrate/item rate,Standard access; high-level access extra.,2026-07-17,Yes
PB-SOFFITS-EA-GUTTER-EXTERIOR-FACE-COM-NEW,"Soffits, Eaves, Fascia, Gutters & Downpipes",Gutter exterior face,Commercial,New,lm,22.0,22.0,22.0,Fixed,Base substrate/item rate,Exterior visible face only.,2026-07-17,Yes
PB-SOFFITS-EA-GUTTER-EXTERIOR-FACE-COM-REP,"Soffits, Eaves, Fascia, Gutters & Downpipes",Gutter exterior face,Commercial,Repaint,lm,28.0,28.0,28.0,Fixed,Base substrate/item rate,Exterior visible face only.,2026-07-17,Yes
PB-SOFFITS-EA-GUTTER-EXTERIOR-FACE-DOM-NEW,"Soffits, Eaves, Fascia, Gutters & Downpipes",Gutter exterior face,Domestic,New,lm,18.0,18.0,18.0,Fixed,Base substrate/item rate,Exterior visible face only.,2026-07-17,Yes
PB-SOFFITS-EA-GUTTER-EXTERIOR-FACE-DOM-REP,"Soffits, Eaves, Fascia, Gutters & Downpipes",Gutter exterior face,Domestic,Repaint,lm,25.0,25.0,25.0,Fixed,Base substrate/item rate,Exterior visible face only.,2026-07-17,Yes
PB-SOFFITS-EA-MASONRY-OR-CONCRETE-SO-COM-NEW,"Soffits, Eaves, Fascia, Gutters & Downpipes",Masonry or concrete soffit,Commercial,New,m²,58.0,58.0,58.0,Fixed,Base substrate/item rate,Includes appropriate primer/sealer.,2026-07-17,Yes
PB-SOFFITS-EA-MASONRY-OR-CONCRETE-SO-COM-REP,"Soffits, Eaves, Fascia, Gutters & Downpipes",Masonry or concrete soffit,Commercial,Repaint,m²,65.0,65.0,65.0,Fixed,Base substrate/item rate,Includes appropriate primer/sealer.,2026-07-17,Yes
PB-SOFFITS-EA-MASONRY-OR-CONCRETE-SO-DOM-NEW,"Soffits, Eaves, Fascia, Gutters & Downpipes",Masonry or concrete soffit,Domestic,New,m²,50.0,50.0,50.0,Fixed,Base substrate/item rate,Includes appropriate primer/sealer.,2026-07-17,Yes
PB-SOFFITS-EA-MASONRY-OR-CONCRETE-SO-DOM-REP,"Soffits, Eaves, Fascia, Gutters & Downpipes",Masonry or concrete soffit,Domestic,Repaint,m²,60.0,60.0,60.0,Fixed,Base substrate/item rate,Includes appropriate primer/sealer.,2026-07-17,Yes
PB-SOFFITS-EA-METAL-DOWNPIPE-COM-NEW,"Soffits, Eaves, Fascia, Gutters & Downpipes",Metal downpipe,Commercial,New,lm,38.0,38.0,38.0,Fixed,Base substrate/item rate,Includes compatible metal preparation.,2026-07-17,Yes
PB-SOFFITS-EA-METAL-DOWNPIPE-COM-REP,"Soffits, Eaves, Fascia, Gutters & Downpipes",Metal downpipe,Commercial,Repaint,lm,48.0,48.0,48.0,Fixed,Base substrate/item rate,Includes compatible metal preparation.,2026-07-17,Yes
PB-SOFFITS-EA-METAL-DOWNPIPE-DOM-NEW,"Soffits, Eaves, Fascia, Gutters & Downpipes",Metal downpipe,Domestic,New,lm,32.0,32.0,32.0,Fixed,Base substrate/item rate,Includes compatible metal preparation.,2026-07-17,Yes
PB-SOFFITS-EA-METAL-DOWNPIPE-DOM-REP,"Soffits, Eaves, Fascia, Gutters & Downpipes",Metal downpipe,Domestic,Repaint,lm,42.0,42.0,42.0,Fixed,Base substrate/item rate,Includes compatible metal preparation.,2026-07-17,Yes
PB-SOFFITS-EA-METAL-FASCIA-COM-NEW,"Soffits, Eaves, Fascia, Gutters & Downpipes",Metal fascia,Commercial,New,lm,22.0,22.0,22.0,Fixed,Base substrate/item rate,Compatible metal preparation.,2026-07-17,Yes
PB-SOFFITS-EA-METAL-FASCIA-COM-REP,"Soffits, Eaves, Fascia, Gutters & Downpipes",Metal fascia,Commercial,Repaint,lm,28.0,28.0,28.0,Fixed,Base substrate/item rate,Compatible metal preparation.,2026-07-17,Yes
PB-SOFFITS-EA-METAL-FASCIA-DOM-NEW,"Soffits, Eaves, Fascia, Gutters & Downpipes",Metal fascia,Domestic,New,lm,18.0,18.0,18.0,Fixed,Base substrate/item rate,Compatible metal preparation.,2026-07-17,Yes
PB-SOFFITS-EA-METAL-FASCIA-DOM-REP,"Soffits, Eaves, Fascia, Gutters & Downpipes",Metal fascia,Domestic,Repaint,lm,25.0,25.0,25.0,Fixed,Base substrate/item rate,Compatible metal preparation.,2026-07-17,Yes
PB-SOFFITS-EA-RAINHEAD-OR-COMPLEX-JU-COM-NEW,"Soffits, Eaves, Fascia, Gutters & Downpipes",Rainhead or complex junction,Commercial,New,each,85.0,85.0,85.0,Fixed,Base substrate/item rate,Per item; detailed masking included.,2026-07-17,Yes
PB-SOFFITS-EA-RAINHEAD-OR-COMPLEX-JU-COM-REP,"Soffits, Eaves, Fascia, Gutters & Downpipes",Rainhead or complex junction,Commercial,Repaint,each,110.0,110.0,110.0,Fixed,Base substrate/item rate,Per item; detailed masking included.,2026-07-17,Yes
PB-SOFFITS-EA-RAINHEAD-OR-COMPLEX-JU-DOM-NEW,"Soffits, Eaves, Fascia, Gutters & Downpipes",Rainhead or complex junction,Domestic,New,each,70.0,70.0,70.0,Fixed,Base substrate/item rate,Per item; detailed masking included.,2026-07-17,Yes
PB-SOFFITS-EA-RAINHEAD-OR-COMPLEX-JU-DOM-REP,"Soffits, Eaves, Fascia, Gutters & Downpipes",Rainhead or complex junction,Domestic,Repaint,each,95.0,95.0,95.0,Fixed,Base substrate/item rate,Per item; detailed masking included.,2026-07-17,Yes
PB-SOFFITS-EA-TIMBER-FASCIA-COM-NEW,"Soffits, Eaves, Fascia, Gutters & Downpipes",Timber fascia,Commercial,New,lm,24.0,24.0,24.0,Fixed,Base substrate/item rate,Standard fascia profile.,2026-07-17,Yes
PB-SOFFITS-EA-TIMBER-FASCIA-COM-REP,"Soffits, Eaves, Fascia, Gutters & Downpipes",Timber fascia,Commercial,Repaint,lm,30.0,30.0,30.0,Fixed,Base substrate/item rate,Standard fascia profile.,2026-07-17,Yes
PB-SOFFITS-EA-TIMBER-FASCIA-DOM-NEW,"Soffits, Eaves, Fascia, Gutters & Downpipes",Timber fascia,Domestic,New,lm,20.0,20.0,20.0,Fixed,Base substrate/item rate,Standard fascia profile.,2026-07-17,Yes
PB-SOFFITS-EA-TIMBER-FASCIA-DOM-REP,"Soffits, Eaves, Fascia, Gutters & Downpipes",Timber fascia,Domestic,Repaint,lm,28.0,28.0,28.0,Fixed,Base substrate/item rate,Standard fascia profile.,2026-07-17,Yes
PB-SOFFITS-EA-TIMBER-SOFFIT-OR-LININ-COM-NEW,"Soffits, Eaves, Fascia, Gutters & Downpipes",Timber soffit or lining,Commercial,New,m²,62.0,62.0,62.0,Fixed,Base substrate/item rate,Sound timber; normal prep.,2026-07-17,Yes
PB-SOFFITS-EA-TIMBER-SOFFIT-OR-LININ-COM-REP,"Soffits, Eaves, Fascia, Gutters & Downpipes",Timber soffit or lining,Commercial,Repaint,m²,75.0,75.0,75.0,Fixed,Base substrate/item rate,Sound timber; normal prep.,2026-07-17,Yes
PB-SOFFITS-EA-TIMBER-SOFFIT-OR-LININ-DOM-NEW,"Soffits, Eaves, Fascia, Gutters & Downpipes",Timber soffit or lining,Domestic,New,m²,55.0,55.0,55.0,Fixed,Base substrate/item rate,Sound timber; normal prep.,2026-07-17,Yes
PB-SOFFITS-EA-TIMBER-SOFFIT-OR-LININ-DOM-REP,"Soffits, Eaves, Fascia, Gutters & Downpipes",Timber soffit or lining,Domestic,Repaint,m²,70.0,70.0,70.0,Fixed,Base substrate/item rate,Sound timber; normal prep.,2026-07-17,Yes
PB-SOFFITS-EA-UPVC-DOWNPIPE-COM-NEW,"Soffits, Eaves, Fascia, Gutters & Downpipes",uPVC downpipe,Commercial,New,lm,32.0,32.0,32.0,Fixed,Base substrate/item rate,"Clean, abrade, prime where required and apply finish coats.",2026-07-17,Yes
PB-SOFFITS-EA-UPVC-DOWNPIPE-COM-REP,"Soffits, Eaves, Fascia, Gutters & Downpipes",uPVC downpipe,Commercial,Repaint,lm,40.0,40.0,40.0,Fixed,Base substrate/item rate,"Clean, abrade, prime where required and apply finish coats.",2026-07-17,Yes
PB-SOFFITS-EA-UPVC-DOWNPIPE-DOM-NEW,"Soffits, Eaves, Fascia, Gutters & Downpipes",uPVC downpipe,Domestic,New,lm,28.0,28.0,28.0,Fixed,Base substrate/item rate,"Clean, abrade, prime where required and apply finish coats.",2026-07-17,Yes
PB-SOFFITS-EA-UPVC-DOWNPIPE-DOM-REP,"Soffits, Eaves, Fascia, Gutters & Downpipes",uPVC downpipe,Domestic,Repaint,lm,36.0,36.0,36.0,Fixed,Base substrate/item rate,"Clean, abrade, prime where required and apply finish coats.",2026-07-17,Yes
PB-ADJ-ADDITIONAL-FULL-COAT,Standard Additions & Loadings,Additional full coat,All,Loading,% of base,25.0,30.0,35.0,Percentage Add,Adjustment / allowance,Apply to base coating rate.,2026-07-17,Yes
PB-ADJ-DARK-COLOURS,Standard Additions & Loadings,Dark colours,All,Loading,% add,15.0,20.0,25.0,Percentage Add,Adjustment / allowance,Coverage and cutting allowance.,2026-07-17,Yes
PB-ADJ-EWP-SCAFFOLD-AND-EDGE-PROTECTION,Standard Additions & Loadings,"EWP, scaffold and edge protection",All,Access,% cost plus,15.0,17.5,20.0,Cost Plus Percentage,Adjustment / allowance,Apply to supplier/hire cost.,2026-07-17,Yes
PB-ADJ-HEAVY-PLASTER-REPAIRS,Standard Additions & Loadings,Heavy plaster repairs,All,Repair,$/hour,120.0,120.0,120.0,Fixed,Adjustment / allowance,Materials additional.,2026-07-17,Yes
PB-ADJ-MOULD-WASH-AND-TREATMENT,Standard Additions & Loadings,Mould wash and treatment,All,Preparation,$/m²,12.0,16.0,20.0,Fixed Range,Adjustment / allowance,Extent and containment may alter rate.,2026-07-17,Yes
PB-ADJ-MULTIPLE-COLOUR-CHANGES,Standard Additions & Loadings,Multiple colour changes,All,Loading,% add,10.0,15.0,20.0,Percentage Add,Adjustment / allowance,Apply where colour changes reduce productivity.,2026-07-17,Yes
PB-ADJ-NIGHT-SHIFT-OR-RESTRICTED-HOURS,Standard Additions & Loadings,Night shift or restricted hours,All,Loading,% add,25.0,32.5,40.0,Percentage Add,Adjustment / allowance,Apply to affected labour/substrate rates.,2026-07-17,Yes
PB-ADJ-OCCUPIED-PREMISES,Standard Additions & Loadings,Occupied premises,All,Loading,% add,10.0,15.0,20.0,Percentage Add,Adjustment / allowance,Allows for staging and protection.,2026-07-17,Yes
PB-ADJ-OPERATIONAL-POWER-STATION-SUBSTATI,Standard Additions & Loadings,Operational power station/substation,Commercial,Loading,% add,20.0,27.5,35.0,Percentage Add,Adjustment / allowance,Use where the dedicated power-station rate is not already used.,2026-07-17,Yes
PB-ADJ-PRESSURE-CLEANING,Standard Additions & Loadings,Pressure cleaning,All,Preparation,$/m²,7.0,10.5,14.0,Fixed Range,Adjustment / allowance,Runoff controls and access may be extra.,2026-07-17,Yes
PB-ADJ-RUST-TREATMENT,Standard Additions & Loadings,Rust treatment,All,Repair,$/hour,135.0,135.0,135.0,Fixed,Adjustment / allowance,Materials additional.,2026-07-17,Yes
PB-ADJ-SITE-ESTABLISHMENT-COMMERCIAL,Standard Additions & Loadings,Site establishment – commercial,Commercial,Preliminaries,$/job,1500.0,2500.0,3500.0,Fixed Range,Adjustment / allowance,Normal commercial establishment.,2026-07-17,Yes
PB-ADJ-SITE-ESTABLISHMENT-POWER-STATION-H,Standard Additions & Loadings,Site establishment – power station/high security,Power Station / High Security,Preliminaries,$/job,2500.0,3750.0,5000.0,Fixed Range,Adjustment / allowance,"Inductions, permits and controlled access.",2026-07-17,Yes
PB-ADJ-SPECIALIST-INDUSTRIAL-OR-SHUTDOWN-,Standard Additions & Loadings,Specialist industrial or shutdown daywork,Industrial,Daywork,$/painter-hour,135.0,142.5,150.0,Fixed Range,Adjustment / allowance,Materials additional.,2026-07-17,Yes
PB-ADJ-SPRAY-MASKING-AROUND-EQUIPMENT,Standard Additions & Loadings,Spray masking around equipment,Commercial,Daywork,$/painter-hour,120.0,130.0,140.0,Fixed Range,Adjustment / allowance,Materials additional.,2026-07-17,Yes
PB-ADJ-VARIATIONS-AND-DAYWORK,Standard Additions & Loadings,Variations and daywork,All,Daywork,$/painter-hour,120.0,120.0,120.0,Fixed,Adjustment / allowance,Materials additional.,2026-07-17,Yes
PB-ADJ-VERY-SMALL-MEASURED-QUANTITIES,Standard Additions & Loadings,Very small measured quantities,All,Loading,% add,20.0,30.0,40.0,Percentage Add,Adjustment / allowance,Alternatively use hourly rate/minimum charge.,2026-07-17,Yes
PB-ADJ-WORK-ABOVE-4-M,Standard Additions & Loadings,Work above 4 m,All,Loading,% add,20.0,25.0,30.0,Percentage Add,Adjustment / allowance,Access equipment also additional.,2026-07-17,Yes
PB-SHORT-COMMERCIAL-REPAINT-OCCUPIED-,Whole-Job Floor-Area Shortcuts,"Commercial repaint, occupied premises",Commercial,Repaint Occupied,m² floor area,72.0,83.5,95.0,Fixed Range,Budget shortcut only,Whole-job floor-area budget only.,2026-07-17,Yes
PB-SHORT-COMMERCIAL-REPAINT-VACANT-PR,Whole-Job Floor-Area Shortcuts,"Commercial repaint, vacant premises",Commercial,Repaint Vacant,m² floor area,60.0,69.0,78.0,Fixed Range,Budget shortcut only,Whole-job floor-area budget only.,2026-07-17,Yes
PB-SHORT-DETAILED-OCCUPIED-DOMESTIC-R,Whole-Job Floor-Area Shortcuts,Detailed occupied domestic repaint,Domestic,Repaint Occupied,m² floor area,70.0,80.0,90.0,Fixed Range,Budget shortcut only,Whole-job floor-area budget only.,2026-07-17,Yes
PB-SHORT-DOMESTIC-INTERNAL-REPAINT,Whole-Job Floor-Area Shortcuts,Domestic internal repaint,Domestic,Repaint,m² floor area,60.0,66.0,72.0,Fixed Range,Budget shortcut only,Whole-job floor-area budget only.,2026-07-17,Yes
PB-SHORT-MULTI-UNIT-NEW-INTERNAL-WORK,Whole-Job Floor-Area Shortcuts,Multi-unit new internal work,Commercial Multi-unit,New,m² floor area,65.0,71.0,77.0,Fixed Range,Budget shortcut only,Whole-job floor-area budget only.,2026-07-17,Yes
PB-SHORT-NEW-COMMERCIAL-OFFICE-OR-AME,Whole-Job Floor-Area Shortcuts,New commercial office or amenities,Commercial,New,m² floor area,55.0,62.5,70.0,Fixed Range,Budget shortcut only,Whole-job floor-area budget only.,2026-07-17,Yes
PB-SHORT-PALM-LAKE-STYLE-TIMBERWORK-P,Whole-Job Floor-Area Shortcuts,Palm Lake-style timberwork package,Palm Lake,New,m² floor area,28.0,28.0,28.0,Fixed Range,Budget shortcut only,Timberwork and doors component only.,2026-07-17,Yes
PB-SHORT-PALM-LAKE-STYLE-WALLS-AND-CE,Whole-Job Floor-Area Shortcuts,Palm Lake-style walls and ceilings package,Palm Lake,New,m² floor area,52.0,52.0,52.0,Fixed Range,Budget shortcut only,Walls and ceilings component only.,2026-07-17,Yes
PB-SHORT-PREMIUM-DOMESTIC-NEW-INTERNA,Whole-Job Floor-Area Shortcuts,Premium domestic new internal painting,Domestic,New Premium,m² floor area,55.0,60.0,65.0,Fixed Range,Budget shortcut only,Whole-job floor-area budget only.,2026-07-17,Yes
PB-SHORT-STANDARD-DOMESTIC-NEW-INTERN,Whole-Job Floor-Area Shortcuts,Standard domestic new internal painting,Domestic,New,m² floor area,45.0,48.5,52.0,Fixed Range,Budget shortcut only,Whole-job floor-area budget only; do not add to individual substrate rates.,2026-07-17,Yes
